"반기별(1)","시군구별(1)","시군구별(2)",성별(1),2019,2019,2019,2019,2019,2019
"반기별(1)","시군구별(1)","시군구별(2)",성별(1),계,간암의심 소견없음,추적검사 요망(3개월 이내),간암의심(정밀검사 요망),기타,기존 암환자
"상반기","계","소계",합계,385998,157815,38336,3213,186634,1358
"상반기","계","소계",남자,207931,79087,22501,2068,104275,982
"상반기","계","소계",여자,178067,78728,15835,1145,82359,376
"상반기","서울","소계",합계,60344,27203,5549,587,27005,189
"상반기","서울","소계",남자,30812,13034,3081,368,14329,136
"상반기","서울","소계",여자,29532,14169,2468,219,12676,53
"상반기","서울","종로구",합계,775,305,61,5,404,2
"상반기","서울","종로구",남자,410,149,35,2,224,2
"상반기","서울","종로구",여자,365,156,26,3,180,-
"상반기","서울","중구",합계,772,343,71,9,349,-
"상반기","서울","중구",남자,398,159,42,5,192,-
"상반기","서울","중구",여자,374,184,29,4,157,-
"상반기","서울","용산구",합계,1369,608,75,22,664,3
"상반기","서울","용산구",남자,655,261,47,10,337,2
"상반기","서울","용산구",여자,714,347,28,12,327,1
"상반기","서울","성동구",합계,1859,784,148,19,908,6
"상반기","서울","성동구",남자,931,384,82,12,453,5
"상반기","서울","성동구",여자,928,400,66,7,455,1
"상반기","서울","광진구",합계,2070,964,256,13,837,4
"상반기","서울","광진구",남자,1070,462,126,5,477,-
"상반기","서울","광진구",여자,1000,502,130,8,360,4
"상반기","서울","동대문구",합계,2762,1009,193,35,1525,11
"상반기","서울","동대문구",남자,1439,497,110,25,807,7
"상반기","서울","동대문구",여자,1323,512,83,10,718,4
"상반기","서울","중랑구",합계,2512,1275,282,27,928,9
"상반기","서울","중랑구",남자,1337,637,161,17,522,8
"상반기","서울","중랑구",여자,1175,638,121,10,406,1
"상반기","서울","성북구",합계,2656,1369,149,34,1104,9
"상반기","서울","성북구",남자,1382,712,91,26,553,8
"상반기","서울","성북구",여자,1274,657,58,8,551,1
"상반기","서울","강북구",합계,1869,761,156,11,941,3
"상반기","서울","강북구",남자,934,372,92,8,462,1
"상반기","서울","강북구",여자,935,389,64,3,479,2
"상반기","서울","도봉구",합계,2394,1116,260,25,993,4
"상반기","서울","도봉구",남자,1245,538,128,16,563,3
"상반기","서울","도봉구",여자,1149,578,132,9,430,1
"상반기","서울","노원구",합계,3848,2078,319,43,1408,19
"상반기","서울","노원구",남자,1962,995,187,30,750,13
"상반기","서울","노원구",여자,1886,1083,132,13,658,6
"상반기","서울","은평구",합계,3874,1779,308,41,1746,8
"상반기","서울","은평구",남자,1815,763,174,25,853,5
"상반기","서울","은평구",여자,2059,1016,134,16,893,3
"상반기","서울","서대문구",합계,1860,861,120,30,849,8
"상반기","서울","서대문구",남자,910,399,64,18,429,6
"상반기","서울","서대문구",여자,950,462,56,12,420,2
"상반기","서울","마포구",합계,2179,916,228,26,1009,9
"상반기","서울","마포구",남자,1095,411,126,15,543,7
"상반기","서울","마포구",여자,1084,505,102,11,466,2
"상반기","서울","양천구",합계,2674,979,198,28,1469,5
"상반기","서울","양천구",남자,1391,489,115,21,766,5
"상반기","서울","양천구",여자,1283,490,83,7,703,-
"상반기","서울","강서구",합계,3364,1178,310,28,1848,7
"상반기","서울","강서구",남자,1697,548,172,20,957,6
"상반기","서울","강서구",여자,1667,630,138,8,891,1
"상반기","서울","구로구",합계,2840,1275,338,27,1200,4
"상반기","서울","구로구",남자,1429,591,186,18,634,1
"상반기","서울","구로구",여자,1411,684,152,9,566,3
"상반기","서울","금천구",합계,1625,927,115,17,566,14
"상반기","서울","금천구",남자,825,421,68,9,327,9
"상반기","서울","금천구",여자,800,506,47,8,239,5
"상반기","서울","영등포구",합계,2425,1057,322,21,1025,5
"상반기","서울","영등포구",남자,1186,502,157,10,517,2
"상반기","서울","영등포구",여자,1239,555,165,11,508,3
"상반기","서울","동작구",합계,2515,1012,177,20,1306,12
"상반기","서울","동작구",남자,1318,505,95,11,707,11
"상반기","서울","동작구",여자,1197,507,82,9,599,1
"상반기","서울","관악구",합계,2807,1128,205,31,1443,16
"상반기","서울","관악구",남자,1420,522,119,17,762,12
"상반기","서울","관악구",여자,1387,606,86,14,681,4
"상반기","서울","서초구",합계,2143,838,228,15,1062,6
"상반기","서울","서초구",남자,1124,403,118,11,592,4
"상반기","서울","서초구",여자,1019,435,110,4,470,2
"상반기","서울","강남구",합계,2315,1028,262,19,1006,8
"상반기","서울","강남구",남자,1223,502,142,11,568,6
"상반기","서울","강남구",여자,1092,526,120,8,438,2
"상반기","서울","송파구",합계,4059,2342,315,27,1375,8
"상반기","서울","송파구",남자,2177,1205,189,16,767,6
"상반기","서울","송파구",여자,1882,1137,126,11,608,2
"상반기","서울","강동구",합계,2778,1271,453,14,1040,9
"상반기","서울","강동구",남자,1439,607,255,10,567,7
"상반기","서울","강동구",여자,1339,664,198,4,473,2
"상반기","부산","소계",합계,33505,10737,2737,288,19743,163
"상반기","부산","소계",남자,18026,5298,1564,208,10956,125
"상반기","부산","소계",여자,15479,5439,1173,80,8787,38
"상반기","부산","중구",합계,435,114,20,3,298,3
"상반기","부산","중구",남자,215,62,8,2,143,2
"상반기","부산","중구",여자,220,52,12,1,155,1
"상반기","부산","서구",합계,1444,502,105,7,830,6
"상반기","부산","서구",남자,725,230,66,4,425,6
"상반기","부산","서구",여자,719,272,39,3,405,-
"상반기","부산","동구",합계,842,232,45,12,553,2
"상반기","부산","동구",남자,450,114,27,8,301,2
"상반기","부산","동구",여자,392,118,18,4,252,-
"상반기","부산","영도구",합계,1482,477,69,10,926,8
"상반기","부산","영도구",남자,792,240,35,6,511,6
"상반기","부산","영도구",여자,690,237,34,4,415,2
"상반기","부산","부산진구",합계,3234,1088,263,44,1839,17
"상반기","부산","부산진구",남자,1758,543,152,33,1030,11
"상반기","부산","부산진구",여자,1476,545,111,11,809,6
"상반기","부산","동래구",합계,2336,599,198,15,1524,11
"상반기","부산","동래구",남자,1314,299,126,12,877,9
"상반기","부산","동래구",여자,1022,300,72,3,647,2
"상반기","부산","남구",합계,2666,1112,180,34,1340,14
"상반기","부산","남구",남자,1429,544,95,23,767,8
"상반기","부산","남구",여자,1237,568,85,11,573,6
"상반기","부산","북구",합계,2793,795,292,22,1684,17
"상반기","부산","북구",남자,1494,394,172,18,910,13
"상반기","부산","북구",여자,1299,401,120,4,774,4
"상반기","부산","해운대구",합계,3857,1096,293,26,2442,16
"상반기","부산","해운대구",남자,2027,523,170,20,1314,13
"상반기","부산","해운대구",여자,1830,573,123,6,1128,3
"상반기","부산","사하구",합계,3725,1248,283,29,2165,15
"상반기","부산","사하구",남자,1991,620,151,21,1199,12
"상반기","부산","사하구",여자,1734,628,132,8,966,3
"상반기","부산","금정구",합계,2476,755,169,20,1532,20
"상반기","부산","금정구",남자,1310,343,87,13,867,18
"상반기","부산","금정구",여자,1166,412,82,7,665,2
"상반기","부산","강서구",합계,1046,381,90,7,568,5
"상반기","부산","강서구",남자,633,220,60,5,348,4
"상반기","부산","강서구",여자,413,161,30,2,220,1
"상반기","부산","연제구",합계,1887,552,180,11,1144,5
"상반기","부산","연제구",남자,1034,281,98,6,649,4
"상반기","부산","연제구",여자,853,271,82,5,495,1
"상반기","부산","수영구",합계,1727,691,184,13,839,10
"상반기","부산","수영구",남자,881,313,104,7,457,7
"상반기","부산","수영구",여자,846,378,80,6,382,3
"상반기","부산","사상구",합계,2072,633,134,23,1282,8
"상반기","부산","사상구",남자,1178,325,84,20,749,5
"상반기","부산","사상구",여자,894,308,50,3,533,3
"상반기","부산","기장군",합계,1483,462,232,12,777,6
"상반기","부산","기장군",남자,795,247,129,10,409,5
"상반기","부산","기장군",여자,688,215,103,2,368,1
"상반기","대구","소계",합계,21996,8067,1476,172,12281,48
"상반기","대구","소계",남자,11693,3984,867,106,6736,27
"상반기","대구","소계",여자,10303,4083,609,66,5545,21
"상반기","대구","중구",합계,719,244,34,5,436,4
"상반기","대구","중구",남자,373,112,25,2,234,2
"상반기","대구","중구",여자,346,132,9,3,202,2
"상반기","대구","동구",합계,3472,1257,181,16,2018,12
"상반기","대구","동구",남자,1826,618,106,11,1091,5
"상반기","대구","동구",여자,1646,639,75,5,927,7
"상반기","대구","서구",합계,1606,562,105,11,928,2
"상반기","대구","서구",남자,843,285,67,8,483,-
"상반기","대구","서구",여자,763,277,38,3,445,2
"상반기","대구","남구",합계,1292,576,72,18,626,3
"상반기","대구","남구",남자,627,274,42,13,298,2
"상반기","대구","남구",여자,665,302,30,5,328,1
"상반기","대구","북구",합계,4039,1498,206,33,2302,8
"상반기","대구","북구",남자,2213,761,117,22,1313,7
"상반기","대구","북구",여자,1826,737,89,11,989,1
"상반기","대구","수성구",합계,3923,1462,249,24,2188,9
"상반기","대구","수성구",남자,2136,713,160,11,1252,7
"상반기","대구","수성구",여자,1787,749,89,13,936,2
"상반기","대구","달서구",합계,5040,1896,454,49,2641,8
"상반기","대구","달서구",남자,2619,925,249,32,1413,2
"상반기","대구","달서구",여자,2421,971,205,17,1228,6
"상반기","대구","달성군",합계,1905,572,175,16,1142,2
"상반기","대구","달성군",남자,1056,296,101,7,652,2
"상반기","대구","달성군",여자,849,276,74,9,490,-
"상반기","인천","소계",합계,20009,7362,3043,150,9454,69
"상반기","인천","소계",남자,10735,3617,1806,95,5217,47
"상반기","인천","소계",여자,9274,3745,1237,55,4237,22
"상반기","인천","중구",합계,752,295,149,4,304,3
"상반기","인천","중구",남자,426,144,106,3,173,2
"상반기","인천","중구",여자,326,151,43,1,131,1
"상반기","인천","동구",합계,509,181,139,4,185,2
"상반기","인천","동구",남자,289,93,82,2,112,2
"상반기","인천","동구",여자,220,88,57,2,73,-
"상반기","인천","미추홀구",합계,2857,1081,501,25,1250,13
"상반기","인천","미추홀구",남자,1526,517,282,18,709,11
"상반기","인천","미추홀구",여자,1331,564,219,7,541,2
"상반기","인천","연수구",합계,2347,883,332,13,1119,4
"상반기","인천","연수구",남자,1214,404,197,8,605,4
"상반기","인천","연수구",여자,1133,479,135,5,514,-
"상반기","인천","남동구",합계,3887,1571,463,33,1820,14
"상반기","인천","남동구",남자,2109,814,266,16,1013,10
"상반기","인천","남동구",여자,1778,757,197,17,807,4
"상반기","인천","부평구",합계,3657,1253,385,30,1989,14
"상반기","인천","부평구",남자,1890,612,236,18,1024,5
"상반기","인천","부평구",여자,1767,641,149,12,965,9
"상반기","인천","계양구",합계,1964,593,427,8,936,7
"상반기","인천","계양구",남자,1050,290,263,4,493,5
"상반기","인천","계양구",여자,914,303,164,4,443,2
"상반기","인천","서구",합계,3403,1243,574,25,1561,9
"상반기","인천","서구",남자,1868,608,329,20,911,6
"상반기","인천","서구",여자,1535,635,245,5,650,3
"상반기","인천","강화군",합계,469,207,39,7,216,3
"상반기","인천","강화군",남자,262,101,25,5,131,2
"상반기","인천","강화군",여자,207,106,14,2,85,1
"상반기","인천","옹진군",합계,164,55,34,1,74,-
"상반기","인천","옹진군",남자,101,34,20,1,46,-
"상반기","인천","옹진군",여자,63,21,14,-,28,-
"상반기","광주","소계",합계,12095,5882,1544,97,4572,23
"상반기","광주","소계",남자,6754,3065,969,62,2658,18
"상반기","광주","소계",여자,5341,2817,575,35,1914,5
"상반기","광주","동구",합계,743,343,103,10,287,1
"상반기","광주","동구",남자,440,200,67,6,167,-
"상반기","광주","동구",여자,303,143,36,4,120,1
"상반기","광주","서구",합계,2559,1013,352,18,1176,6
"상반기","광주","서구",남자,1378,488,209,13,668,4
"상반기","광주","서구",여자,1181,525,143,5,508,2
"상반기","광주","남구",합계,1709,814,183,21,691,6
"상반기","광주","남구",남자,926,414,108,10,394,5
"상반기","광주","남구",여자,783,400,75,11,297,1
"상반기","광주","북구",합계,3704,1761,523,29,1391,7
"상반기","광주","북구",남자,2051,901,328,19,803,6
"상반기","광주","북구",여자,1653,860,195,10,588,1
"상반기","광주","광산구",합계,3380,1951,383,19,1027,3
"상반기","광주","광산구",남자,1959,1062,257,14,626,3
"상반기","광주","광산구",여자,1421,889,126,5,401,-
"상반기","대전","소계",합계,10590,4510,815,59,5206,46
"상반기","대전","소계",남자,5579,2239,485,40,2815,30
"상반기","대전","소계",여자,5011,2271,330,19,2391,16
"상반기","대전","동구",합계,1683,618,119,8,938,9
"상반기","대전","동구",남자,853,302,60,6,485,6
"상반기","대전","동구",여자,830,316,59,2,453,3
"상반기","대전","중구",합계,1787,621,142,17,1007,6
"상반기","대전","중구",남자,919,305,85,11,518,4
"상반기","대전","중구",여자,868,316,57,6,489,2
"상반기","대전","서구",합계,3407,1624,273,17,1493,20
"상반기","대전","서구",남자,1805,800,162,13,830,15
"상반기","대전","서구",여자,1602,824,111,4,663,5
"상반기","대전","유성구",합계,2299,1197,177,12,913,6
"상반기","대전","유성구",남자,1280,620,115,7,538,3
"상반기","대전","유성구",여자,1019,577,62,5,375,3
"상반기","대전","대덕구",합계,1414,450,104,5,855,5
"상반기","대전","대덕구",남자,722,212,63,3,444,2
"상반기","대전","대덕구",여자,692,238,41,2,411,3
"상반기","울산","소계",합계,9391,3780,583,51,4977,34
"상반기","울산","소계",남자,5240,1924,360,35,2921,24
"상반기","울산","소계",여자,4151,1856,223,16,2056,10
"상반기","울산","중구",합계,1916,746,95,8,1067,14
"상반기","울산","중구",남자,1042,371,62,6,603,9
"상반기","울산","중구",여자,874,375,33,2,464,5
"상반기","울산","남구",합계,2671,1171,252,16,1232,5
"상반기","울산","남구",남자,1425,575,150,9,691,4
"상반기","울산","남구",여자,1246,596,102,7,541,1
"상반기","울산","동구",합계,1629,567,42,6,1014,8
"상반기","울산","동구",남자,933,294,23,4,612,8
"상반기","울산","동구",여자,696,273,19,2,402,-
"상반기","울산","북구",합계,1560,654,52,10,844,3
"상반기","울산","북구",남자,874,330,36,6,502,-
"상반기","울산","북구",여자,686,324,16,4,342,3
"상반기","울산","울주군",합계,1615,642,142,11,820,4
"상반기","울산","울주군",남자,966,354,89,10,513,3
"상반기","울산","울주군",여자,649,288,53,1,307,1
"상반기","세종","소계",합계,1963,835,224,13,891,5
"상반기","세종","소계",남자,1089,439,126,8,516,4
"상반기","세종","소계",여자,874,396,98,5,375,1
"상반기","경기","소계",합계,86917,37399,7799,770,40949,290
"상반기","경기","소계",남자,46323,18593,4516,469,22745,207
"상반기","경기","소계",여자,40594,18806,3283,301,18204,83
"상반기","경기","수원시장안구",합계,1830,713,120,8,989,10
"상반기","경기","수원시장안구",남자,945,334,64,6,541,4
"상반기","경기","수원시장안구",여자,885,379,56,2,448,6
"상반기","경기","수원시권선구",합계,2407,1210,186,28,983,9
"상반기","경기","수원시권선구",남자,1251,587,115,18,531,5
"상반기","경기","수원시권선구",여자,1156,623,71,10,452,4
"상반기","경기","수원시팔달구",합계,1311,449,125,8,729,10
"상반기","경기","수원시팔달구",남자,670,203,69,3,395,6
"상반기","경기","수원시팔달구",여자,641,246,56,5,334,4
"상반기","경기","수원시영통구",합계,1953,927,118,11,897,7
"상반기","경기","수원시영통구",남자,1060,486,70,6,498,5
"상반기","경기","수원시영통구",여자,893,441,48,5,399,2
"상반기","경기","성남시수정구",합계,1679,823,160,27,669,9
"상반기","경기","성남시수정구",남자,873,382,100,14,377,7
"상반기","경기","성남시수정구",여자,806,441,60,13,292,2
"상반기","경기","성남시중원구",합계,1672,664,178,14,816,3
"상반기","경기","성남시중원구",남자,866,335,109,10,412,3
"상반기","경기","성남시중원구",여자,806,329,69,4,404,-
"상반기","경기","성남시분당구",합계,2758,1366,299,16,1077,13
"상반기","경기","성남시분당구",남자,1540,731,160,10,639,9
"상반기","경기","성남시분당구",여자,1218,635,139,6,438,4
"상반기","경기","의정부시",합계,2468,1031,206,24,1207,10
"상반기","경기","의정부시",남자,1317,518,116,14,669,6
"상반기","경기","의정부시",여자,1151,513,90,10,538,4
"상반기","경기","안양시만안구",합계,1704,736,110,11,847,4
"상반기","경기","안양시만안구",남자,826,343,58,8,417,4
"상반기","경기","안양시만안구",여자,878,393,52,3,430,-
"상반기","경기","안양시동안구",합계,2227,933,183,20,1091,5
"상반기","경기","안양시동안구",남자,1125,428,96,10,591,5
"상반기","경기","안양시동안구",여자,1102,505,87,10,500,-
"상반기","경기","부천시",합계,5902,2186,417,69,3230,13
"상반기","경기","부천시",남자,3074,1052,258,42,1722,10
"상반기","경기","부천시",여자,2828,1134,159,27,1508,3
"상반기","경기","광명시",합계,2326,1177,248,21,880,1
"상반기","경기","광명시",남자,1166,537,144,16,469,1
"상반기","경기","광명시",여자,1160,640,104,5,411,-
"상반기","경기","평택시",합계,3445,1500,238,21,1686,13
"상반기","경기","평택시",남자,1896,792,150,11,943,11
"상반기","경기","평택시",여자,1549,708,88,10,743,2
"상반기","경기","동두천시",합계,586,195,53,5,333,3
"상반기","경기","동두천시",남자,305,79,31,3,192,1
"상반기","경기","동두천시",여자,281,116,22,2,141,2
"상반기","경기","안산시상록구",합계,2730,1301,249,24,1156,7
"상반기","경기","안산시상록구",남자,1442,646,133,19,644,7
"상반기","경기","안산시상록구",여자,1288,655,116,5,512,-
"상반기","경기","안산시단원구",합계,2975,1496,190,15,1274,11
"상반기","경기","안산시단원구",남자,1545,723,102,10,710,8
"상반기","경기","안산시단원구",여자,1430,773,88,5,564,3
"상반기","경기","고양시덕양구",합계,3199,1048,411,27,1713,6
"상반기","경기","고양시덕양구",남자,1703,526,247,17,913,5
"상반기","경기","고양시덕양구",여자,1496,522,164,10,800,1
"상반기","경기","고양시일산동구",합계,2071,732,281,12,1046,9
"상반기","경기","고양시일산동구",남자,1105,335,167,10,593,7
"상반기","경기","고양시일산동구",여자,966,397,114,2,453,2
"상반기","경기","고양시일산서구",합계,2160,731,284,12,1133,4
"상반기","경기","고양시일산서구",남자,1127,335,158,12,622,3
"상반기","경기","고양시일산서구",여자,1033,396,126,-,511,1
"상반기","경기","과천시",합계,356,150,45,3,158,2
"상반기","경기","과천시",남자,187,77,23,2,85,1
"상반기","경기","과천시",여자,169,73,22,1,73,1
"상반기","경기","구리시",합계,1398,695,113,32,558,-
"상반기","경기","구리시",남자,771,369,73,17,312,-
"상반기","경기","구리시",여자,627,326,40,15,246,-
"상반기","경기","남양주시",합계,4382,1660,264,50,2408,7
"상반기","경기","남양주시",남자,2395,862,148,31,1354,6
"상반기","경기","남양주시",여자,1987,798,116,19,1054,1
"상반기","경기","오산시",합계,1403,788,173,9,433,6
"상반기","경기","오산시",남자,750,398,94,6,252,5
"상반기","경기","오산시",여자,653,390,79,3,181,1
"상반기","경기","시흥시",합계,3635,1744,210,39,1642,7
"상반기","경기","시흥시",남자,1976,900,128,21,927,5
"상반기","경기","시흥시",여자,1659,844,82,18,715,2
"상반기","경기","군포시",합계,2068,933,103,12,1020,10
"상반기","경기","군포시",남자,1040,445,63,5,527,5
"상반기","경기","군포시",여자,1028,488,40,7,493,5
"상반기","경기","의왕시",합계,989,424,106,10,449,3
"상반기","경기","의왕시",남자,526,208,60,5,253,2
"상반기","경기","의왕시",여자,463,216,46,5,196,1
"상반기","경기","하남시",합계,1558,766,190,20,582,5
"상반기","경기","하남시",남자,905,423,114,13,355,4
"상반기","경기","하남시",여자,653,343,76,7,227,1
"상반기","경기","용인시처인구",합계,1804,665,150,25,964,10
"상반기","경기","용인시처인구",남자,976,340,93,14,529,9
"상반기","경기","용인시처인구",여자,828,325,57,11,435,1
"상반기","경기","용인시기흥구",합계,2669,1431,186,28,1024,14
"상반기","경기","용인시기흥구",남자,1443,720,111,13,599,8
"상반기","경기","용인시기흥구",여자,1226,711,75,15,425,6
"상반기","경기","용인시수지구",합계,2131,972,122,20,1017,5
"상반기","경기","용인시수지구",남자,1177,500,67,13,597,4
"상반기","경기","용인시수지구",여자,954,472,55,7,420,1
"상반기","경기","파주시",합계,2725,1093,285,27,1320,14
"상반기","경기","파주시",남자,1445,533,152,14,746,12
"상반기","경기","파주시",여자,1280,560,133,13,574,2
"상반기","경기","이천시",합계,1285,477,145,14,649,9
"상반기","경기","이천시",남자,656,198,84,10,364,5
"상반기","경기","이천시",여자,629,279,61,4,285,4
"상반기","경기","안성시",합계,1196,423,100,10,663,4
"상반기","경기","안성시",남자,619,199,62,8,350,3
"상반기","경기","안성시",여자,577,224,38,2,313,1
"상반기","경기","김포시",합계,2756,815,166,10,1765,6
"상반기","경기","김포시",남자,1520,378,104,7,1031,5
"상반기","경기","김포시",여자,1236,437,62,3,734,1
"상반기","경기","화성시",합계,4306,2092,343,16,1855,20
"상반기","경기","화성시",남자,2324,1083,202,7,1032,14
"상반기","경기","화성시",여자,1982,1009,141,9,823,6
"상반기","경기","광주시",합계,2438,1045,580,18,795,8
"상반기","경기","광주시",남자,1346,548,309,11,478,4
"상반기","경기","광주시",여자,1092,497,271,7,317,4
"상반기","경기","양주시",합계,1551,801,144,19,587,2
"상반기","경기","양주시",남자,880,442,87,15,336,1
"상반기","경기","양주시",여자,671,359,57,4,251,1
"상반기","경기","포천시",합계,990,317,64,11,598,6
"상반기","경기","포천시",남자,538,141,39,6,352,4
"상반기","경기","포천시",여자,452,176,25,5,246,2
"상반기","경기","여주시",합계,686,428,98,8,152,3
"상반기","경기","여주시",남자,369,220,57,6,86,3
"상반기","경기","여주시",여자,317,208,41,2,66,-
"상반기","경기","연천군",합계,215,76,22,1,116,1
"상반기","경기","연천군",남자,114,42,12,-,60,-
"상반기","경기","연천군",여자,101,34,10,1,56,1
"상반기","경기","가평군",합계,341,144,29,4,164,1
"상반기","경기","가평군",남자,184,73,21,1,89,-
"상반기","경기","가평군",여자,157,71,8,3,75,1
"상반기","경기","양평군",합계,632,242,105,11,274,-
"상반기","경기","양평군",남자,346,122,66,5,153,-
"상반기","경기","양평군",여자,286,120,39,6,121,-
"상반기","강원","소계",합계,12509,5475,1415,62,5557,47
"상반기","강원","소계",남자,6813,2726,811,42,3234,37
"상반기","강원","소계",여자,5696,2749,604,20,2323,10
"상반기","강원","춘천시",합계,2261,849,387,5,1020,8
"상반기","강원","춘천시",남자,1210,401,221,2,586,5
"상반기","강원","춘천시",여자,1051,448,166,3,434,3
"상반기","강원","원주시",합계,2159,1088,141,11,919,3
"상반기","강원","원주시",남자,1107,518,76,8,505,3
"상반기","강원","원주시",여자,1052,570,65,3,414,-
"상반기","강원","강릉시",합계,2643,1211,309,7,1116,13
"상반기","강원","강릉시",남자,1418,592,169,4,653,12
"상반기","강원","강릉시",여자,1225,619,140,3,463,1
"상반기","강원","동해시",합계,875,399,133,5,338,3
"상반기","강원","동해시",남자,480,194,88,3,195,3
"상반기","강원","동해시",여자,395,205,45,2,143,-
"상반기","강원","태백시",합계,294,108,50,3,133,2
"상반기","강원","태백시",남자,177,56,32,3,86,1
"상반기","강원","태백시",여자,117,52,18,-,47,1
"상반기","강원","속초시",합계,871,375,53,1,442,-
"상반기","강원","속초시",남자,465,185,30,-,250,-
"상반기","강원","속초시",여자,406,190,23,1,192,-
"상반기","강원","삼척시",합계,715,341,27,3,344,2
"상반기","강원","삼척시",남자,407,176,18,3,210,1
"상반기","강원","삼척시",여자,308,165,9,-,134,1
"상반기","강원","홍천군",합계,475,237,63,4,171,4
"상반기","강원","홍천군",남자,258,129,34,4,91,2
"상반기","강원","홍천군",여자,217,108,29,-,80,2
"상반기","강원","횡성군",합계,275,134,27,8,106,1
"상반기","강원","횡성군",남자,144,68,14,4,58,1
"상반기","강원","횡성군",여자,131,66,13,4,48,-
"상반기","강원","영월군",합계,240,94,41,5,100,2
"상반기","강원","영월군",남자,134,53,24,3,54,1
"상반기","강원","영월군",여자,106,41,17,2,46,1
"상반기","강원","평창군",합계,249,101,14,1,133,-
"상반기","강원","평창군",남자,157,57,7,1,92,-
"상반기","강원","평창군",여자,92,44,7,-,41,-
"상반기","강원","정선군",합계,206,86,18,3,99,1
"상반기","강원","정선군",남자,120,43,12,2,63,1
"상반기","강원","정선군",여자,86,43,6,1,36,-
"상반기","강원","철원군",합계,259,105,42,1,111,2
"상반기","강원","철원군",남자,147,57,20,1,69,2
"상반기","강원","철원군",여자,112,48,22,-,42,-
"상반기","강원","화천군",합계,159,51,35,1,72,-
"상반기","강원","화천군",남자,95,29,24,1,41,-
"상반기","강원","화천군",여자,64,22,11,-,31,-
"상반기","강원","양구군",합계,146,56,27,-,63,1
"상반기","강원","양구군",남자,90,37,12,-,41,1
"상반기","강원","양구군",여자,56,19,15,-,22,-
"상반기","강원","인제군",합계,171,64,19,-,88,1
"상반기","강원","인제군",남자,90,33,8,-,49,1
"상반기","강원","인제군",여자,81,31,11,-,39,-
"상반기","강원","고성군",합계,223,87,14,3,119,-
"상반기","강원","고성군",남자,138,50,11,2,75,-
"상반기","강원","고성군",여자,85,37,3,1,44,-
"상반기","강원","양양군",합계,288,89,15,1,183,4
"상반기","강원","양양군",남자,176,48,11,1,116,3
"상반기","강원","양양군",여자,112,41,4,-,67,1
"상반기","충북","소계",합계,9931,4561,903,63,4404,35
"상반기","충북","소계",남자,5460,2321,544,40,2555,28
"상반기","충북","소계",여자,4471,2240,359,23,1849,7
"상반기","충북","청주시상당구",합계,938,483,61,12,382,1
"상반기","충북","청주시상당구",남자,522,251,37,6,228,1
"상반기","충북","청주시상당구",여자,416,232,24,6,154,-
"상반기","충북","청주시서원구",합계,1236,619,57,10,550,1
"상반기","충북","청주시서원구",남자,628,288,36,7,297,1
"상반기","충북","청주시서원구",여자,608,331,21,3,253,-
"상반기","충북","청주시흥덕구",합계,1469,629,147,9,684,7
"상반기","충북","청주시흥덕구",남자,845,334,99,7,405,6
"상반기","충북","청주시흥덕구",여자,624,295,48,2,279,1
"상반기","충북","청주시청원구",합계,1146,580,82,8,476,2
"상반기","충북","청주시청원구",남자,626,293,48,7,278,2
"상반기","충북","청주시청원구",여자,520,287,34,1,198,-
"상반기","충북","충주시",합계,1285,580,138,2,565,9
"상반기","충북","충주시",남자,692,298,70,-,324,5
"상반기","충북","충주시",여자,593,282,68,2,241,4
"상반기","충북","제천시",합계,1286,460,183,4,639,4
"상반기","충북","제천시",남자,680,233,108,1,338,3
"상반기","충북","제천시",여자,606,227,75,3,301,1
"상반기","충북","보은군",합계,176,64,7,-,105,2
"상반기","충북","보은군",남자,106,34,5,-,67,2
"상반기","충북","보은군",여자,70,30,2,-,38,-
"상반기","충북","옥천군",합계,368,125,27,2,214,3
"상반기","충북","옥천군",남자,217,63,17,1,136,2
"상반기","충북","옥천군",여자,151,62,10,1,78,1
"상반기","충북","영동군",합계,307,93,36,3,175,2
"상반기","충북","영동군",남자,174,38,23,3,110,2
"상반기","충북","영동군",여자,133,55,13,-,65,-
"상반기","충북","증평군",합계,181,114,15,-,52,1
"상반기","충북","증평군",남자,106,64,10,-,32,1
"상반기","충북","증평군",여자,75,50,5,-,20,-
"상반기","충북","진천군",합계,442,308,23,3,108,-
"상반기","충북","진천군",남자,235,153,15,2,65,-
"상반기","충북","진천군",여자,207,155,8,1,43,-
"상반기","충북","괴산군",합계,256,129,12,2,113,-
"상반기","충북","괴산군",남자,135,65,7,-,63,-
"상반기","충북","괴산군",여자,121,64,5,2,50,-
"상반기","충북","음성군",합계,617,290,79,6,242,2
"상반기","충북","음성군",남자,358,157,46,4,151,2
"상반기","충북","음성군",여자,259,133,33,2,91,-
"상반기","충북","단양군",합계,224,87,36,2,99,1
"상반기","충북","단양군",남자,136,50,23,2,61,1
"상반기","충북","단양군",여자,88,37,13,-,38,-
"상반기","충남","소계",합계,13009,6077,1435,152,5345,43
"상반기","충남","소계",남자,7011,3033,871,91,3016,31
"상반기","충남","소계",여자,5998,3044,564,61,2329,12
"상반기","충남","천안시동남구",합계,1558,766,139,20,633,3
"상반기","충남","천안시동남구",남자,820,374,85,11,350,1
"상반기","충남","천안시동남구",여자,738,392,54,9,283,2
"상반기","충남","천안시서북구",합계,2007,1078,112,19,798,8
"상반기","충남","천안시서북구",남자,1095,549,66,12,468,5
"상반기","충남","천안시서북구",여자,912,529,46,7,330,3
"상반기","충남","공주시",합계,614,296,53,3,262,2
"상반기","충남","공주시",남자,351,148,40,2,161,2
"상반기","충남","공주시",여자,263,148,13,1,101,-
"상반기","충남","보령시",합계,654,416,60,8,170,7
"상반기","충남","보령시",남자,394,229,42,5,118,7
"상반기","충남","보령시",여자,260,187,18,3,52,-
"상반기","충남","아산시",합계,1803,918,180,26,679,3
"상반기","충남","아산시",남자,966,442,110,13,401,1
"상반기","충남","아산시",여자,837,476,70,13,278,2
"상반기","충남","서산시",합계,1216,537,148,8,523,6
"상반기","충남","서산시",남자,624,264,89,7,264,5
"상반기","충남","서산시",여자,592,273,59,1,259,1
"상반기","충남","논산시",합계,772,312,56,22,382,1
"상반기","충남","논산시",남자,421,148,38,14,221,1
"상반기","충남","논산시",여자,351,164,18,8,161,-
"상반기","충남","계룡시",합계,300,135,22,7,136,1
"상반기","충남","계룡시",남자,181,78,12,5,86,1
"상반기","충남","계룡시",여자,119,57,10,2,50,-
"상반기","충남","당진시",합계,1151,381,319,5,446,1
"상반기","충남","당진시",남자,639,200,186,4,249,1
"상반기","충남","당진시",여자,512,181,133,1,197,-
"상반기","충남","금산군",합계,605,243,26,8,328,1
"상반기","충남","금산군",남자,316,124,19,3,170,1
"상반기","충남","금산군",여자,289,119,7,5,158,-
"상반기","충남","부여군",합계,369,167,23,8,171,2
"상반기","충남","부여군",남자,200,70,18,5,107,1
"상반기","충남","부여군",여자,169,97,5,3,64,1
"상반기","충남","서천군",합계,323,139,20,2,162,1
"상반기","충남","서천군",남자,167,78,9,-,80,-
"상반기","충남","서천군",여자,156,61,11,2,82,1
"상반기","충남","청양군",합계,201,106,24,5,66,1
"상반기","충남","청양군",남자,108,51,17,3,37,-
"상반기","충남","청양군",여자,93,55,7,2,29,1
"상반기","충남","홍성군",합계,527,256,103,3,165,1
"상반기","충남","홍성군",남자,272,119,56,2,95,1
"상반기","충남","홍성군",여자,255,137,47,1,70,-
"상반기","충남","예산군",합계,604,206,90,5,303,4
"상반기","충남","예산군",남자,298,103,51,2,142,4
"상반기","충남","예산군",여자,306,103,39,3,161,-
"상반기","충남","태안군",합계,305,121,60,3,121,1
"상반기","충남","태안군",남자,159,56,33,3,67,-
"상반기","충남","태안군",여자,146,65,27,-,54,1
"상반기","전북","소계",합계,13774,6159,1208,87,6320,60
"상반기","전북","소계",남자,7573,3177,767,63,3566,40
"상반기","전북","소계",여자,6201,2982,441,24,2754,20
"상반기","전북","전주시완산구",합계,2625,1013,98,8,1506,9
"상반기","전북","전주시완산구",남자,1348,479,64,6,799,6
"상반기","전북","전주시완산구",여자,1277,534,34,2,707,3
"상반기","전북","전주시덕진구",합계,2269,966,104,15,1184,8
"상반기","전북","전주시덕진구",남자,1288,516,67,8,697,5
"상반기","전북","전주시덕진구",여자,981,450,37,7,487,3
"상반기","전북","군산시",합계,2109,1145,319,13,632,9
"상반기","전북","군산시",남자,1204,623,197,10,374,6
"상반기","전북","군산시",여자,905,522,122,3,258,3
"상반기","전북","익산시",합계,2233,979,87,13,1154,15
"상반기","전북","익산시",남자,1190,494,58,11,627,10
"상반기","전북","익산시",여자,1043,485,29,2,527,5
"상반기","전북","정읍시",합계,775,366,86,16,307,2
"상반기","전북","정읍시",남자,448,188,53,12,195,-
"상반기","전북","정읍시",여자,327,178,33,4,112,2
"상반기","전북","남원시",합계,660,436,29,3,192,2
"상반기","전북","남원시",남자,355,225,17,3,110,1
"상반기","전북","남원시",여자,305,211,12,-,82,1
"상반기","전북","김제시",합계,553,220,48,1,284,3
"상반기","전북","김제시",남자,292,99,34,-,159,2
"상반기","전북","김제시",여자,261,121,14,1,125,1
"상반기","전북","완주군",합계,602,241,33,3,325,1
"상반기","전북","완주군",남자,349,132,21,2,194,1
"상반기","전북","완주군",여자,253,109,12,1,131,-
"상반기","전북","진안군",합계,180,89,11,1,79,-
"상반기","전북","진안군",남자,97,51,5,1,40,-
"상반기","전북","진안군",여자,83,38,6,-,39,-
"상반기","전북","무주군",합계,142,40,10,3,89,1
"상반기","전북","무주군",남자,87,26,5,2,54,1
"상반기","전북","무주군",여자,55,14,5,1,35,-
"상반기","전북","장수군",합계,141,74,15,5,47,-
"상반기","전북","장수군",남자,89,40,12,3,34,-
"상반기","전북","장수군",여자,52,34,3,2,13,-
"상반기","전북","임실군",합계,211,96,16,-,99,2
"상반기","전북","임실군",남자,124,55,10,-,59,2
"상반기","전북","임실군",여자,87,41,6,-,40,-
"상반기","전북","순창군",합계,322,165,26,4,127,1
"상반기","전북","순창군",남자,138,74,12,4,48,-
"상반기","전북","순창군",여자,184,91,14,-,79,1
"상반기","전북","고창군",합계,572,192,205,1,174,5
"상반기","전북","고창군",남자,338,103,132,1,102,4
"상반기","전북","고창군",여자,234,89,73,-,72,1
"상반기","전북","부안군",합계,380,137,121,1,121,2
"상반기","전북","부안군",남자,226,72,80,-,74,2
"상반기","전북","부안군",여자,154,65,41,1,47,-
"상반기","전남","소계",합계,19979,7521,3616,182,8660,58
"상반기","전남","소계",남자,11268,4021,2115,120,5012,46
"상반기","전남","소계",여자,8711,3500,1501,62,3648,12
"상반기","전남","목포시",합계,3521,967,442,20,2092,6
"상반기","전남","목포시",남자,1787,455,235,11,1086,5
"상반기","전남","목포시",여자,1734,512,207,9,1006,1
"상반기","전남","여수시",합계,3454,1403,579,64,1408,17
"상반기","전남","여수시",남자,2025,815,341,40,829,13
"상반기","전남","여수시",여자,1429,588,238,24,579,4
"상반기","전남","순천시",합계,2618,869,881,19,849,4
"상반기","전남","순천시",남자,1467,454,489,10,514,2
"상반기","전남","순천시",여자,1151,415,392,9,335,2
"상반기","전남","나주시",합계,867,308,105,9,445,-
"상반기","전남","나주시",남자,518,168,67,7,276,-
"상반기","전남","나주시",여자,349,140,38,2,169,-
"상반기","전남","광양시",합계,1114,494,263,7,350,3
"상반기","전남","광양시",남자,634,277,155,4,198,2
"상반기","전남","광양시",여자,480,217,108,3,152,1
"상반기","전남","담양군",합계,336,139,66,1,130,-
"상반기","전남","담양군",남자,206,81,51,1,73,-
"상반기","전남","담양군",여자,130,58,15,-,57,-
"상반기","전남","곡성군",합계,222,89,43,1,89,1
"상반기","전남","곡성군",남자,130,54,25,1,50,1
"상반기","전남","곡성군",여자,92,35,18,-,39,-
"상반기","전남","구례군",합계,172,59,69,-,44,-
"상반기","전남","구례군",남자,104,34,45,-,25,-
"상반기","전남","구례군",여자,68,25,24,-,19,-
"상반기","전남","고흥군",합계,1055,605,231,10,209,1
"상반기","전남","고흥군",남자,582,305,137,4,136,-
"상반기","전남","고흥군",여자,473,300,94,6,73,1
"상반기","전남","보성군",합계,431,203,60,1,167,3
"상반기","전남","보성군",남자,234,108,44,-,82,3
"상반기","전남","보성군",여자,197,95,16,1,85,-
"상반기","전남","화순군",합계,548,275,63,5,205,2
"상반기","전남","화순군",남자,337,161,45,4,127,2
"상반기","전남","화순군",여자,211,114,18,1,78,-
"상반기","전남","장흥군",합계,376,110,36,6,224,-
"상반기","전남","장흥군",남자,212,57,22,5,128,-
"상반기","전남","장흥군",여자,164,53,14,1,96,-
"상반기","전남","강진군",합계,271,151,24,2,94,-
"상반기","전남","강진군",남자,145,69,14,1,61,-
"상반기","전남","강진군",여자,126,82,10,1,33,-
"상반기","전남","해남군",합계,746,256,87,1,402,4
"상반기","전남","해남군",남자,405,127,48,-,230,3
"상반기","전남","해남군",여자,341,129,39,1,172,1
"상반기","전남","영암군",합계,570,202,62,3,303,2
"상반기","전남","영암군",남자,329,107,30,3,189,2
"상반기","전남","영암군",여자,241,95,32,-,114,-
"상반기","전남","무안군",합계,903,255,157,7,484,2
"상반기","전남","무안군",남자,520,130,99,7,284,2
"상반기","전남","무안군",여자,383,125,58,-,200,-
"상반기","전남","함평군",합계,307,150,44,3,110,1
"상반기","전남","함평군",남자,199,91,30,2,76,1
"상반기","전남","함평군",여자,108,59,14,1,34,-
"상반기","전남","영광군",합계,606,273,177,11,145,7
"상반기","전남","영광군",남자,358,147,108,9,94,7
"상반기","전남","영광군",여자,248,126,69,2,51,-
"상반기","전남","장성군",합계,364,194,41,-,129,2
"상반기","전남","장성군",남자,220,103,29,-,88,-
"상반기","전남","장성군",여자,144,91,12,-,41,2
"상반기","전남","완도군",합계,446,193,73,3,177,1
"상반기","전남","완도군",남자,249,103,45,2,99,1
"상반기","전남","완도군",여자,197,90,28,1,78,-
"상반기","전남","진도군",합계,409,161,43,2,203,-
"상반기","전남","진도군",남자,227,83,21,2,121,-
"상반기","전남","진도군",여자,182,78,22,-,82,-
"상반기","전남","신안군",합계,643,165,70,7,401,2
"상반기","전남","신안군",남자,380,92,35,7,246,2
"상반기","전남","신안군",여자,263,73,35,-,155,-
"상반기","경북","소계",합계,23838,9463,2355,191,11829,97
"상반기","경북","소계",남자,13035,4821,1406,116,6692,70
"상반기","경북","소계",여자,10803,4642,949,75,5137,27
"상반기","경북","포항시남구",합계,2272,931,132,17,1192,11
"상반기","경북","포항시남구",남자,1253,485,83,11,674,8
"상반기","경북","포항시남구",여자,1019,446,49,6,518,3
"상반기","경북","포항시북구",합계,2595,1200,172,17,1206,11
"상반기","경북","포항시북구",남자,1397,576,119,11,691,10
"상반기","경북","포항시북구",여자,1198,624,53,6,515,1
"상반기","경북","경주시",합계,2460,985,198,24,1253,10
"상반기","경북","경주시",남자,1360,510,107,16,727,6
"상반기","경북","경주시",여자,1100,475,91,8,526,4
"상반기","경북","김천시",합계,1415,679,122,13,601,7
"상반기","경북","김천시",남자,696,324,53,7,312,4
"상반기","경북","김천시",여자,719,355,69,6,289,3
"상반기","경북","안동시",합계,1465,483,264,14,704,-
"상반기","경북","안동시",남자,782,217,150,9,406,-
"상반기","경북","안동시",여자,683,266,114,5,298,-
"상반기","경북","구미시",합계,3380,1362,341,19,1658,16
"상반기","경북","구미시",남자,1867,707,218,12,930,13
"상반기","경북","구미시",여자,1513,655,123,7,728,3
"상반기","경북","영주시",합계,634,278,100,7,249,1
"상반기","경북","영주시",남자,350,144,57,3,146,1
"상반기","경북","영주시",여자,284,134,43,4,103,-
"상반기","경북","영천시",합계,1079,302,65,10,702,4
"상반기","경북","영천시",남자,571,152,35,9,375,3
"상반기","경북","영천시",여자,508,150,30,1,327,1
"상반기","경북","상주시",합계,844,508,98,10,228,4
"상반기","경북","상주시",남자,450,266,61,6,117,4
"상반기","경북","상주시",여자,394,242,37,4,111,-
"상반기","경북","문경시",합계,543,176,57,3,307,2
"상반기","경북","문경시",남자,298,81,38,2,177,2
"상반기","경북","문경시",여자,245,95,19,1,130,-
"상반기","경북","경산시",합계,2442,894,331,18,1199,10
"상반기","경북","경산시",남자,1322,457,180,10,675,7
"상반기","경북","경산시",여자,1120,437,151,8,524,3
"상반기","경북","군위군",합계,227,80,14,1,132,-
"상반기","경북","군위군",남자,136,47,11,1,77,-
"상반기","경북","군위군",여자,91,33,3,-,55,-
"상반기","경북","의성군",합계,360,123,35,2,200,2
"상반기","경북","의성군",남자,201,66,23,1,111,-
"상반기","경북","의성군",여자,159,57,12,1,89,2
"상반기","경북","청송군",합계,271,64,40,4,163,1
"상반기","경북","청송군",남자,156,35,27,-,94,1
"상반기","경북","청송군",여자,115,29,13,4,69,-
"상반기","경북","영양군",합계,134,47,19,1,67,1
"상반기","경북","영양군",남자,65,24,10,1,30,-
"상반기","경북","영양군",여자,69,23,9,-,37,1
"상반기","경북","영덕군",합계,366,217,19,5,125,2
"상반기","경북","영덕군",남자,214,128,10,1,75,-
"상반기","경북","영덕군",여자,152,89,9,4,50,2
"상반기","경북","청도군",합계,459,144,47,8,260,3
"상반기","경북","청도군",남자,266,78,24,5,159,2
"상반기","경북","청도군",여자,193,66,23,3,101,1
"상반기","경북","고령군",합계,289,122,31,2,134,1
"상반기","경북","고령군",남자,159,58,16,2,83,1
"상반기","경북","고령군",여자,130,64,15,-,51,-
"상반기","경북","성주군",합계,411,96,17,1,297,2
"상반기","경북","성주군",남자,239,50,10,-,179,2
"상반기","경북","성주군",여자,172,46,7,1,118,-
"상반기","경북","칠곡군",합계,996,399,82,5,510,4
"상반기","경북","칠곡군",남자,593,238,58,2,295,2
"상반기","경북","칠곡군",여자,403,161,24,3,215,2
"상반기","경북","예천군",합계,370,130,59,4,177,1
"상반기","경북","예천군",남자,194,51,42,2,99,1
"상반기","경북","예천군",여자,176,79,17,2,78,-
"상반기","경북","봉화군",합계,203,80,38,-,85,-
"상반기","경북","봉화군",남자,121,41,27,-,53,-
"상반기","경북","봉화군",여자,82,39,11,-,32,-
"상반기","경북","울진군",합계,446,100,65,2,279,3
"상반기","경북","울진군",남자,243,51,43,2,147,2
"상반기","경북","울진군",여자,203,49,22,-,132,1
"상반기","경북","울릉군",합계,177,63,9,4,101,1
"상반기","경북","울릉군",남자,102,35,4,3,60,1
"상반기","경북","울릉군",여자,75,28,5,1,41,-
"상반기","경남","소계",합계,30054,10764,3211,258,15821,133
"상반기","경남","소계",남자,17048,5735,1944,184,9185,99
"상반기","경남","소계",여자,13006,5029,1267,74,6636,34
"상반기","경남","창원시 의창구",합계,2315,920,376,11,1008,6
"상반기","경남","창원시 의창구",남자,1356,514,231,8,603,6
"상반기","경남","창원시 의창구",여자,959,406,145,3,405,-
"상반기","경남","창원시 성산구",합계,1850,880,144,15,811,8
"상반기","경남","창원시 성산구",남자,1064,467,88,11,498,7
"상반기","경남","창원시 성산구",여자,786,413,56,4,313,1
"상반기","경남","창원시 마산합포구",합계,1424,266,85,11,1062,8
"상반기","경남","창원시 마산합포구",남자,795,139,46,10,600,4
"상반기","경남","창원시 마산합포구",여자,629,127,39,1,462,4
"상반기","경남","창원시 마산회원구",합계,1683,398,102,11,1172,6
"상반기","경남","창원시 마산회원구",남자,920,202,67,8,643,5
"상반기","경남","창원시 마산회원구",여자,763,196,35,3,529,1
"상반기","경남","창원시 진해구",합계,1430,420,327,7,676,9
"상반기","경남","창원시 진해구",남자,814,207,209,3,395,7
"상반기","경남","창원시 진해구",여자,616,213,118,4,281,2
"상반기","경남","진주시",합계,2678,1539,134,28,977,3
"상반기","경남","진주시",남자,1512,858,87,18,549,3
"상반기","경남","진주시",여자,1166,681,47,10,428,-
"상반기","경남","통영시",합계,1830,355,186,17,1272,9
"상반기","경남","통영시",남자,1039,207,114,10,708,7
"상반기","경남","통영시",여자,791,148,72,7,564,2
"상반기","경남","사천시",합계,1187,515,82,17,573,4
"상반기","경남","사천시",남자,662,253,61,11,337,4
"상반기","경남","사천시",여자,525,262,21,6,236,-
"상반기","경남","김해시",합계,4575,1639,640,42,2254,24
"상반기","경남","김해시",남자,2625,889,381,31,1324,16
"상반기","경남","김해시",여자,1950,750,259,11,930,8
"상반기","경남","밀양시",합계,930,268,54,10,598,8
"상반기","경남","밀양시",남자,549,146,33,7,363,6
"상반기","경남","밀양시",여자,381,122,21,3,235,2
"상반기","경남","거제시",합계,2413,907,274,16,1216,14
"상반기","경남","거제시",남자,1421,476,185,13,747,11
"상반기","경남","거제시",여자,992,431,89,3,469,3
"상반기","경남","양산시",합계,3259,1088,286,19,1866,18
"상반기","경남","양산시",남자,1790,546,178,14,1052,10
"상반기","경남","양산시",여자,1469,542,108,5,814,8
"상반기","경남","의령군",합계,212,79,16,1,116,1
"상반기","경남","의령군",남자,138,44,10,1,83,1
"상반기","경남","의령군",여자,74,35,6,-,33,-
"상반기","경남","함안군",합계,600,128,41,5,426,1
"상반기","경남","함안군",남자,326,69,23,2,232,1
"상반기","경남","함안군",여자,274,59,18,3,194,-
"상반기","경남","창녕군",합계,524,198,38,3,285,2
"상반기","경남","창녕군",남자,285,96,21,3,165,2
"상반기","경남","창녕군",여자,239,102,17,-,120,-
"상반기","경남","고성군",합계,670,178,168,7,317,3
"상반기","경남","고성군",남자,368,98,72,6,192,2
"상반기","경남","고성군",여자,302,80,96,1,125,1
"상반기","경남","남해군",합계,617,231,37,20,329,2
"상반기","경남","남해군",남자,317,110,22,15,170,2
"상반기","경남","남해군",여자,300,121,15,5,159,-
"상반기","경남","하동군",합계,372,212,26,6,128,2
"상반기","경남","하동군",남자,212,111,18,5,78,2
"상반기","경남","하동군",여자,160,101,8,1,50,-
"상반기","경남","산청군",합계,255,115,16,3,121,-
"상반기","경남","산청군",남자,160,66,10,2,82,-
"상반기","경남","산청군",여자,95,49,6,1,39,-
"상반기","경남","함양군",합계,327,159,28,4,136,1
"상반기","경남","함양군",남자,189,90,18,1,80,1
"상반기","경남","함양군",여자,138,69,10,3,56,-
"상반기","경남","거창군",합계,562,149,126,2,285,2
"상반기","경남","거창군",남자,295,70,54,2,169,1
"상반기","경남","거창군",여자,267,79,72,-,116,1
"상반기","경남","합천군",합계,341,120,25,3,193,2
"상반기","경남","합천군",남자,211,77,16,3,115,1
"상반기","경남","합천군",여자,130,43,9,-,78,1
"상반기","제주","소계",합계,6094,2020,423,31,3620,18
"상반기","제주","소계",남자,3472,1060,269,21,2122,13
"상반기","제주","소계",여자,2622,960,154,10,1498,5
"상반기","제주","제주시",합계,4420,1370,342,24,2684,17
"상반기","제주","제주시",남자,2527,714,215,15,1583,13
"상반기","제주","제주시",여자,1893,656,127,9,1101,4
"상반기","제주","서귀포시",합계,1674,650,81,7,936,1
"상반기","제주","서귀포시",남자,945,346,54,6,539,-
"상반기","제주","서귀포시",여자,729,304,27,1,397,1
"하반기","계","소계",합계,412366,166322,40564,3264,202216,1504
"하반기","계","소계",남자,226606,85002,24044,2158,115402,1091
"하반기","계","소계",여자,185760,81320,16520,1106,86814,413
"하반기","서울","소계",합계,66604,28694,6537,594,30779,244
"하반기","서울","소계",남자,34998,14097,3720,394,16787,182
"하반기","서울","소계",여자,31606,14597,2817,200,13992,62
"하반기","서울","종로구",합계,855,316,61,4,474,3
"하반기","서울","종로구",남자,479,161,37,2,279,2
"하반기","서울","종로구",여자,376,155,24,2,195,1
"하반기","서울","중구",합계,866,348,80,9,429,6
"하반기","서울","중구",남자,465,170,53,3,239,5
"하반기","서울","중구",여자,401,178,27,6,190,1
"하반기","서울","용산구",합계,1483,594,84,25,780,9
"하반기","서울","용산구",남자,748,273,52,15,408,5
"하반기","서울","용산구",여자,735,321,32,10,372,4
"하반기","서울","성동구",합계,2115,755,187,10,1163,11
"하반기","서울","성동구",남자,1125,384,110,7,624,8
"하반기","서울","성동구",여자,990,371,77,3,539,3
"하반기","서울","광진구",합계,2452,1106,374,13,959,11
"하반기","서울","광진구",남자,1302,509,197,10,586,6
"하반기","서울","광진구",여자,1150,597,177,3,373,5
"하반기","서울","동대문구",합계,2749,1030,167,32,1520,8
"하반기","서울","동대문구",남자,1425,507,96,25,797,7
"하반기","서울","동대문구",여자,1324,523,71,7,723,1
"하반기","서울","중랑구",합계,2701,1347,342,37,975,12
"하반기","서울","중랑구",남자,1423,660,196,26,541,8
"하반기","서울","중랑구",여자,1278,687,146,11,434,4
"하반기","서울","성북구",합계,2918,1434,266,29,1189,9
"하반기","서울","성북구",남자,1557,743,144,21,649,6
"하반기","서울","성북구",여자,1361,691,122,8,540,3
"하반기","서울","강북구",합계,2122,778,188,25,1131,6
"하반기","서울","강북구",남자,1083,389,101,18,575,6
"하반기","서울","강북구",여자,1039,389,87,7,556,-
"하반기","서울","도봉구",합계,2373,949,246,22,1156,10
"하반기","서울","도봉구",남자,1251,461,136,13,641,8
"하반기","서울","도봉구",여자,1122,488,110,9,515,2
"하반기","서울","노원구",합계,4301,2235,315,45,1706,21
"하반기","서울","노원구",남자,2301,1131,184,31,955,16
"하반기","서울","노원구",여자,2000,1104,131,14,751,5
"하반기","서울","은평구",합계,4448,1880,419,36,2113,14
"하반기","서울","은평구",남자,2115,801,248,24,1042,10
"하반기","서울","은평구",여자,2333,1079,171,12,1071,4
"하반기","서울","서대문구",합계,2156,882,149,39,1086,5
"하반기","서울","서대문구",남자,1078,406,89,25,558,5
"하반기","서울","서대문구",여자,1078,476,60,14,528,-
"하반기","서울","마포구",합계,2230,912,243,23,1052,9
"하반기","서울","마포구",남자,1173,446,134,12,581,8
"하반기","서울","마포구",여자,1057,466,109,11,471,1
"하반기","서울","양천구",합계,3037,1131,182,21,1703,11
"하반기","서울","양천구",남자,1616,585,116,15,900,10
"하반기","서울","양천구",여자,1421,546,66,6,803,1
"하반기","서울","강서구",합계,3944,1336,339,34,2235,17
"하반기","서울","강서구",남자,2108,680,187,25,1216,15
"하반기","서울","강서구",여자,1836,656,152,9,1019,2
"하반기","서울","구로구",합계,3047,1440,297,23,1287,5
"하반기","서울","구로구",남자,1620,717,175,13,715,5
"하반기","서울","구로구",여자,1427,723,122,10,572,-
"하반기","서울","금천구",합계,1703,981,134,18,570,7
"하반기","서울","금천구",남자,883,469,71,15,328,4
"하반기","서울","금천구",여자,820,512,63,3,242,3
"하반기","서울","영등포구",합계,2675,1248,308,21,1098,8
"하반기","서울","영등포구",남자,1367,616,170,14,567,5
"하반기","서울","영등포구",여자,1308,632,138,7,531,3
"하반기","서울","동작구",합계,2502,984,167,14,1337,6
"하반기","서울","동작구",남자,1341,494,98,6,743,5
"하반기","서울","동작구",여자,1161,490,69,8,594,1
"하반기","서울","관악구",합계,3265,1418,278,21,1548,18
"하반기","서울","관악구",남자,1700,686,165,16,833,10
"하반기","서울","관악구",여자,1565,732,113,5,715,8
"하반기","서울","서초구",합계,2399,922,276,15,1186,6
"하반기","서울","서초구",남자,1315,478,142,10,685,5
"하반기","서울","서초구",여자,1084,444,134,5,501,1
"하반기","서울","강남구",합계,2891,1256,354,21,1260,6
"하반기","서울","강남구",남자,1561,616,206,12,727,5
"하반기","서울","강남구",여자,1330,640,148,9,533,1
"하반기","서울","송파구",합계,4457,2236,487,35,1699,16
"하반기","서울","송파구",남자,2397,1138,261,23,975,11
"하반기","서울","송파구",여자,2060,1098,226,12,724,5
"하반기","서울","강동구",합계,2915,1176,594,22,1123,10
"하반기","서울","강동구",남자,1565,577,352,13,623,7
"하반기","서울","강동구",여자,1350,599,242,9,500,3
"하반기","부산","소계",합계,34570,10947,2592,310,20721,183
"하반기","부산","소계",남자,18884,5534,1514,196,11640,133
"하반기","부산","소계",여자,15686,5413,1078,114,9081,50
"하반기","부산","중구",합계,452,134,20,2,296,2
"하반기","부산","중구",남자,232,70,9,2,151,2
"하반기","부산","중구",여자,220,64,11,-,145,-
"하반기","부산","서구",합계,1390,485,79,17,809,3
"하반기","부산","서구",남자,710,220,54,10,426,1
"하반기","부산","서구",여자,680,265,25,7,383,2
"하반기","부산","동구",합계,860,268,41,15,536,5
"하반기","부산","동구",남자,473,145,21,10,297,4
"하반기","부산","동구",여자,387,123,20,5,239,1
"하반기","부산","영도구",합계,1469,429,54,9,977,6
"하반기","부산","영도구",남자,808,217,33,6,552,6
"하반기","부산","영도구",여자,661,212,21,3,425,-
"하반기","부산","부산진구",합계,3519,1190,325,50,1954,22
"하반기","부산","부산진구",남자,1911,576,170,33,1132,18
"하반기","부산","부산진구",여자,1608,614,155,17,822,4
"하반기","부산","동래구",합계,2611,670,219,15,1707,13
"하반기","부산","동래구",남자,1458,346,134,11,967,9
"하반기","부산","동래구",여자,1153,324,85,4,740,4
"하반기","부산","남구",합계,2624,1093,181,28,1322,9
"하반기","부산","남구",남자,1410,537,97,14,762,6
"하반기","부산","남구",여자,1214,556,84,14,560,3
"하반기","부산","북구",합계,2988,817,170,22,1979,17
"하반기","부산","북구",남자,1642,417,113,14,1098,10
"하반기","부산","북구",여자,1346,400,57,8,881,7
"하반기","부산","해운대구",합계,4084,1197,351,29,2507,19
"하반기","부산","해운대구",남자,2169,585,206,18,1360,13
"하반기","부산","해운대구",여자,1915,612,145,11,1147,6
"하반기","부산","사하구",합계,3506,1135,197,34,2140,14
"하반기","부산","사하구",남자,1920,591,114,24,1191,11
"하반기","부산","사하구",여자,1586,544,83,10,949,3
"하반기","부산","금정구",합계,2372,741,174,21,1436,24
"하반기","부산","금정구",남자,1298,394,85,14,805,18
"하반기","부산","금정구",여자,1074,347,89,7,631,6
"하반기","부산","강서구",합계,1061,403,73,6,579,6
"하반기","부산","강서구",남자,653,226,51,5,371,3
"하반기","부산","강서구",여자,408,177,22,1,208,3
"하반기","부산","연제구",합계,2120,609,190,12,1309,13
"하반기","부산","연제구",남자,1165,295,115,7,748,12
"하반기","부산","연제구",여자,955,314,75,5,561,1
"하반기","부산","수영구",합계,1820,736,177,17,890,11
"하반기","부산","수영구",남자,966,348,109,10,499,7
"하반기","부산","수영구",여자,854,388,68,7,391,4
"하반기","부산","사상구",합계,2190,604,149,23,1414,14
"하반기","부산","사상구",남자,1243,321,94,16,812,9
"하반기","부산","사상구",여자,947,283,55,7,602,5
"하반기","부산","기장군",합계,1504,436,192,10,866,5
"하반기","부산","기장군",남자,826,246,109,2,469,4
"하반기","부산","기장군",여자,678,190,83,8,397,1
"하반기","대구","소계",합계,23194,8332,1494,167,13201,54
"하반기","대구","소계",남자,12510,4181,905,91,7333,38
"하반기","대구","소계",여자,10684,4151,589,76,5868,16
"하반기","대구","중구",합계,744,246,47,8,443,1
"하반기","대구","중구",남자,392,126,25,3,238,1
"하반기","대구","중구",여자,352,120,22,5,205,-
"하반기","대구","동구",합계,3520,1284,140,18,2078,6
"하반기","대구","동구",남자,1884,629,91,7,1157,2
"하반기","대구","동구",여자,1636,655,49,11,921,4
"하반기","대구","서구",합계,1607,564,96,7,940,4
"하반기","대구","서구",남자,853,279,61,4,509,2
"하반기","대구","서구",여자,754,285,35,3,431,2
"하반기","대구","남구",합계,1320,510,92,13,705,6
"하반기","대구","남구",남자,647,228,45,9,365,4
"하반기","대구","남구",여자,673,282,47,4,340,2
"하반기","대구","북구",합계,4333,1652,221,31,2429,5
"하반기","대구","북구",남자,2356,840,143,16,1357,3
"하반기","대구","북구",여자,1977,812,78,15,1072,2
"하반기","대구","수성구",합계,4172,1575,258,25,2314,8
"하반기","대구","수성구",남자,2343,797,162,13,1371,7
"하반기","대구","수성구",여자,1829,778,96,12,943,1
"하반기","대구","달서구",합계,5274,1856,465,50,2903,16
"하반기","대구","달서구",남자,2815,946,277,30,1562,11
"하반기","대구","달서구",여자,2459,910,188,20,1341,5
"하반기","대구","달성군",합계,2224,645,175,15,1389,8
"하반기","대구","달성군",남자,1220,336,101,9,774,8
"하반기","대구","달성군",여자,1004,309,74,6,615,-
"하반기","인천","소계",합계,23166,8346,3569,166,11085,97
"하반기","인천","소계",남자,12593,4108,2103,117,6265,59
"하반기","인천","소계",여자,10573,4238,1466,49,4820,38
"하반기","인천","중구",합계,919,328,219,3,369,3
"하반기","인천","중구",남자,545,170,138,3,234,1
"하반기","인천","중구",여자,374,158,81,-,135,2
"하반기","인천","동구",합계,579,212,167,5,195,3
"하반기","인천","동구",남자,324,109,94,5,116,2
"하반기","인천","동구",여자,255,103,73,-,79,1
"하반기","인천","미추홀구",합계,3426,1264,629,27,1506,25
"하반기","인천","미추홀구",남자,1850,624,346,19,861,14
"하반기","인천","미추홀구",여자,1576,640,283,8,645,11
"하반기","인천","연수구",합계,2885,1099,405,6,1375,10
"하반기","인천","연수구",남자,1572,532,243,5,792,8
"하반기","인천","연수구",여자,1313,567,162,1,583,2
"하반기","인천","남동구",합계,4235,1671,506,38,2020,18
"하반기","인천","남동구",남자,2315,846,303,23,1143,11
"하반기","인천","남동구",여자,1920,825,203,15,877,7
"하반기","인천","부평구",합계,4231,1462,354,41,2374,15
"하반기","인천","부평구",남자,2189,685,206,26,1272,9
"하반기","인천","부평구",여자,2042,777,148,15,1102,6
"하반기","인천","계양구",합계,2257,668,483,16,1090,10
"하반기","인천","계양구",남자,1218,327,288,12,591,6
"하반기","인천","계양구",여자,1039,341,195,4,499,4
"하반기","인천","서구",합계,3972,1376,726,22,1848,12
"하반기","인천","서구",남자,2206,683,432,17,1074,8
"하반기","인천","서구",여자,1766,693,294,5,774,4
"하반기","인천","강화군",합계,509,213,43,8,245,1
"하반기","인천","강화군",남자,279,101,30,7,141,-
"하반기","인천","강화군",여자,230,112,13,1,104,1
"하반기","인천","옹진군",합계,153,53,37,-,63,-
"하반기","인천","옹진군",남자,95,31,23,-,41,-
"하반기","인천","옹진군",여자,58,22,14,-,22,-
"하반기","광주","소계",합계,12414,6121,1666,69,4558,27
"하반기","광주","소계",남자,7109,3262,1068,47,2732,24
"하반기","광주","소계",여자,5305,2859,598,22,1826,3
"하반기","광주","동구",합계,766,372,87,3,304,-
"하반기","광주","동구",남자,465,223,55,3,184,-
"하반기","광주","동구",여자,301,149,32,-,120,-
"하반기","광주","서구",합계,2773,1150,367,14,1242,5
"하반기","광주","서구",남자,1544,580,226,10,728,5
"하반기","광주","서구",여자,1229,570,141,4,514,-
"하반기","광주","남구",합계,1884,912,206,11,755,6
"하반기","광주","남구",남자,1046,460,130,5,451,5
"하반기","광주","남구",여자,838,452,76,6,304,1
"하반기","광주","북구",합계,3730,1819,610,18,1283,6
"하반기","광주","북구",남자,2134,962,391,12,769,6
"하반기","광주","북구",여자,1596,857,219,6,514,-
"하반기","광주","광산구",합계,3261,1868,396,23,974,10
"하반기","광주","광산구",남자,1920,1037,266,17,600,8
"하반기","광주","광산구",여자,1341,831,130,6,374,2
"하반기","대전","소계",합계,10868,4597,838,61,5372,48
"하반기","대전","소계",남자,5976,2381,525,37,3033,31
"하반기","대전","소계",여자,4892,2216,313,24,2339,17
"하반기","대전","동구",합계,1709,651,126,8,924,8
"하반기","대전","동구",남자,880,322,67,3,488,5
"하반기","대전","동구",여자,829,329,59,5,436,3
"하반기","대전","중구",합계,1758,629,133,12,984,12
"하반기","대전","중구",남자,938,305,84,8,541,6
"하반기","대전","중구",여자,820,324,49,4,443,6
"하반기","대전","서구",합계,3528,1651,307,20,1550,16
"하반기","대전","서구",남자,1958,857,193,11,897,13
"하반기","대전","서구",여자,1570,794,114,9,653,3
"하반기","대전","유성구",합계,2460,1197,171,15,1077,9
"하반기","대전","유성구",남자,1447,666,117,11,653,5
"하반기","대전","유성구",여자,1013,531,54,4,424,4
"하반기","대전","대덕구",합계,1413,469,101,6,837,3
"하반기","대전","대덕구",남자,753,231,64,4,454,2
"하반기","대전","대덕구",여자,660,238,37,2,383,1
"하반기","울산","소계",합계,10710,4288,667,58,5697,34
"하반기","울산","소계",남자,5973,2147,385,39,3402,26
"하반기","울산","소계",여자,4737,2141,282,19,2295,8
"하반기","울산","중구",합계,2215,838,99,9,1269,10
"하반기","울산","중구",남자,1201,404,56,8,733,6
"하반기","울산","중구",여자,1014,434,43,1,536,4
"하반기","울산","남구",합계,3032,1344,299,18,1371,8
"하반기","울산","남구",남자,1655,663,169,13,810,8
"하반기","울산","남구",여자,1377,681,130,5,561,-
"하반기","울산","동구",합계,1707,600,38,8,1061,6
"하반기","울산","동구",남자,966,307,22,3,634,5
"하반기","울산","동구",여자,741,293,16,5,427,1
"하반기","울산","북구",합계,1853,727,86,12,1028,4
"하반기","울산","북구",남자,1058,376,54,7,621,3
"하반기","울산","북구",여자,795,351,32,5,407,1
"하반기","울산","울주군",합계,1903,779,145,11,968,6
"하반기","울산","울주군",남자,1093,397,84,8,604,4
"하반기","울산","울주군",여자,810,382,61,3,364,2
"하반기","세종","소계",합계,2094,905,215,8,966,7
"하반기","세종","소계",남자,1206,485,129,5,587,7
"하반기","세종","소계",여자,888,420,86,3,379,-
"하반기","경기","소계",합계,92636,39137,8097,705,44697,320
"하반기","경기","소계",남자,50691,19922,4782,448,25539,227
"하반기","경기","소계",여자,41945,19215,3315,257,19158,93
"하반기","경기","수원시장안구",합계,2065,792,143,10,1120,14
"하반기","경기","수원시장안구",남자,1080,378,79,3,620,7
"하반기","경기","수원시장안구",여자,985,414,64,7,500,7
"하반기","경기","수원시권선구",합계,2614,1265,191,27,1131,11
"하반기","경기","수원시권선구",남자,1386,628,108,21,629,9
"하반기","경기","수원시권선구",여자,1228,637,83,6,502,2
"하반기","경기","수원시팔달구",합계,1255,451,98,10,696,4
"하반기","경기","수원시팔달구",남자,650,230,48,6,366,2
"하반기","경기","수원시팔달구",여자,605,221,50,4,330,2
"하반기","경기","수원시영통구",합계,2021,961,106,14,940,10
"하반기","경기","수원시영통구",남자,1106,498,63,9,536,8
"하반기","경기","수원시영통구",여자,915,463,43,5,404,2
"하반기","경기","성남시수정구",합계,1552,719,157,19,657,9
"하반기","경기","성남시수정구",남자,817,342,98,10,367,7
"하반기","경기","성남시수정구",여자,735,377,59,9,290,2
"하반기","경기","성남시중원구",합계,1559,617,202,19,721,8
"하반기","경기","성남시중원구",남자,804,292,123,15,374,7
"하반기","경기","성남시중원구",여자,755,325,79,4,347,1
"하반기","경기","성남시분당구",합계,2978,1484,320,14,1160,12
"하반기","경기","성남시분당구",남자,1709,782,183,9,735,9
"하반기","경기","성남시분당구",여자,1269,702,137,5,425,3
"하반기","경기","의정부시",합계,2977,1129,210,20,1618,6
"하반기","경기","의정부시",남자,1606,588,129,12,877,3
"하반기","경기","의정부시",여자,1371,541,81,8,741,3
"하반기","경기","안양시만안구",합계,1663,706,104,12,841,3
"하반기","경기","안양시만안구",남자,860,338,51,11,460,1
"하반기","경기","안양시만안구",여자,803,368,53,1,381,2
"하반기","경기","안양시동안구",합계,2303,934,144,21,1204,2
"하반기","경기","안양시동안구",남자,1201,448,84,13,656,2
"하반기","경기","안양시동안구",여자,1102,486,60,8,548,-
"하반기","경기","부천시",합계,6019,2199,425,59,3336,16
"하반기","경기","부천시",남자,3229,1117,256,37,1819,12
"하반기","경기","부천시",여자,2790,1082,169,22,1517,4
"하반기","경기","광명시",합계,2302,1138,220,19,925,4
"하반기","경기","광명시",남자,1201,581,121,11,488,3
"하반기","경기","광명시",여자,1101,557,99,8,437,1
"하반기","경기","평택시",합계,3378,1468,190,17,1703,14
"하반기","경기","평택시",남자,1920,807,117,11,985,8
"하반기","경기","평택시",여자,1458,661,73,6,718,6
"하반기","경기","동두천시",합계,617,198,53,3,363,1
"하반기","경기","동두천시",남자,318,83,36,2,197,1
"하반기","경기","동두천시",여자,299,115,17,1,166,-
"하반기","경기","안산시상록구",합계,2741,1266,257,12,1206,10
"하반기","경기","안산시상록구",남자,1431,618,142,7,664,8
"하반기","경기","안산시상록구",여자,1310,648,115,5,542,2
"하반기","경기","안산시단원구",합계,2926,1449,182,13,1282,12
"하반기","경기","안산시단원구",남자,1556,713,108,8,727,8
"하반기","경기","안산시단원구",여자,1370,736,74,5,555,4
"하반기","경기","고양시덕양구",합계,3339,1057,387,34,1861,10
"하반기","경기","고양시덕양구",남자,1806,531,229,23,1023,5
"하반기","경기","고양시덕양구",여자,1533,526,158,11,838,5
"하반기","경기","고양시일산동구",합계,2190,700,249,16,1225,9
"하반기","경기","고양시일산동구",남자,1193,329,157,8,699,5
"하반기","경기","고양시일산동구",여자,997,371,92,8,526,4
"하반기","경기","고양시일산서구",합계,2168,743,287,10,1128,7
"하반기","경기","고양시일산서구",남자,1188,354,192,8,634,6
"하반기","경기","고양시일산서구",여자,980,389,95,2,494,1
"하반기","경기","과천시",합계,398,144,62,-,192,-
"하반기","경기","과천시",남자,232,78,41,-,113,-
"하반기","경기","과천시",여자,166,66,21,-,79,-
"하반기","경기","구리시",합계,1580,745,109,31,695,2
"하반기","경기","구리시",남자,891,399,60,14,418,2
"하반기","경기","구리시",여자,689,346,49,17,277,-
"하반기","경기","남양주시",합계,5250,1918,299,66,2967,22
"하반기","경기","남양주시",남자,2924,1000,184,39,1701,17
"하반기","경기","남양주시",여자,2326,918,115,27,1266,5
"하반기","경기","오산시",합계,1625,910,203,5,507,5
"하반기","경기","오산시",남자,920,491,121,3,305,4
"하반기","경기","오산시",여자,705,419,82,2,202,1
"하반기","경기","시흥시",합계,3270,1476,211,28,1555,6
"하반기","경기","시흥시",남자,1816,779,133,12,892,3
"하반기","경기","시흥시",여자,1454,697,78,16,663,3
"하반기","경기","군포시",합계,2247,948,106,15,1178,7
"하반기","경기","군포시",남자,1165,458,57,12,638,2
"하반기","경기","군포시",여자,1082,490,49,3,540,5
"하반기","경기","의왕시",합계,1054,434,111,8,501,3
"하반기","경기","의왕시",남자,597,222,62,4,309,3
"하반기","경기","의왕시",여자,457,212,49,4,192,-
"하반기","경기","하남시",합계,1781,835,286,9,651,5
"하반기","경기","하남시",남자,1035,443,172,7,413,4
"하반기","경기","하남시",여자,746,392,114,2,238,1
"하반기","경기","용인시처인구",합계,2019,702,160,8,1149,8
"하반기","경기","용인시처인구",남자,1107,369,87,5,646,5
"하반기","경기","용인시처인구",여자,912,333,73,3,503,3
"하반기","경기","용인시기흥구",합계,2920,1499,220,18,1183,9
"하반기","경기","용인시기흥구",남자,1662,844,135,8,675,8
"하반기","경기","용인시기흥구",여자,1258,655,85,10,508,1
"하반기","경기","용인시수지구",합계,2203,1032,127,11,1033,8
"하반기","경기","용인시수지구",남자,1280,537,84,5,654,6
"하반기","경기","용인시수지구",여자,923,495,43,6,379,2
"하반기","경기","파주시",합계,3487,1494,360,24,1609,5
"하반기","경기","파주시",남자,1912,743,203,18,948,5
"하반기","경기","파주시",여자,1575,751,157,6,661,-
"하반기","경기","이천시",합계,1300,504,165,8,623,8
"하반기","경기","이천시",남자,680,223,103,6,348,7
"하반기","경기","이천시",여자,620,281,62,2,275,1
"하반기","경기","안성시",합계,1271,452,99,5,715,3
"하반기","경기","안성시",남자,706,222,60,3,421,3
"하반기","경기","안성시",여자,565,230,39,2,294,-
"하반기","경기","김포시",합계,3204,900,222,19,2063,7
"하반기","경기","김포시",남자,1856,461,137,16,1242,7
"하반기","경기","김포시",여자,1348,439,85,3,821,-
"하반기","경기","화성시",합계,5361,2693,424,24,2220,29
"하반기","경기","화성시",남자,2997,1388,252,19,1338,19
"하반기","경기","화성시",여자,2364,1305,172,5,882,10
"하반기","경기","광주시",합계,2312,1002,515,17,778,13
"하반기","경기","광주시",남자,1251,500,281,13,457,8
"하반기","경기","광주시",여자,1061,502,234,4,321,5
"하반기","경기","양주시",합계,1630,832,157,23,618,6
"하반기","경기","양주시",남자,903,443,85,16,359,5
"하반기","경기","양주시",여자,727,389,72,7,259,1
"하반기","경기","포천시",합계,974,328,61,13,572,6
"하반기","경기","포천시",남자,529,154,34,7,334,6
"하반기","경기","포천시",여자,445,174,27,6,238,-
"하반기","경기","여주시",합계,699,449,105,5,140,3
"하반기","경기","여주시",남자,371,221,61,4,85,2
"하반기","경기","여주시",여자,328,228,44,1,55,1
"하반기","경기","연천군",합계,254,84,27,5,138,1
"하반기","경기","연천군",남자,131,39,14,2,76,-
"하반기","경기","연천군",여자,123,45,13,3,62,1
"하반기","경기","가평군",합계,422,168,40,4,210,2
"하반기","경기","가평군",남자,256,86,25,4,141,-
"하반기","경기","가평군",여자,166,82,15,-,69,2
"하반기","경기","양평군",합계,708,312,103,10,283,-
"하반기","경기","양평군",남자,409,165,67,7,170,-
"하반기","경기","양평군",여자,299,147,36,3,113,-
"하반기","강원","소계",합계,13105,5512,1580,85,5928,50
"하반기","강원","소계",남자,7288,2811,931,61,3485,40
"하반기","강원","소계",여자,5817,2701,649,24,2443,10
"하반기","강원","춘천시",합계,2312,809,458,15,1030,6
"하반기","강원","춘천시",남자,1238,397,258,12,571,6
"하반기","강원","춘천시",여자,1074,412,200,3,459,-
"하반기","강원","원주시",합계,2165,1080,137,11,937,8
"하반기","강원","원주시",남자,1188,552,74,8,554,6
"하반기","강원","원주시",여자,977,528,63,3,383,2
"하반기","강원","강릉시",합계,2705,1186,319,18,1182,16
"하반기","강원","강릉시",남자,1474,590,184,11,689,13
"하반기","강원","강릉시",여자,1231,596,135,7,493,3
"하반기","강원","동해시",합계,1087,474,175,6,432,2
"하반기","강원","동해시",남자,607,230,117,4,256,2
"하반기","강원","동해시",여자,480,244,58,2,176,-
"하반기","강원","태백시",합계,306,115,62,1,128,1
"하반기","강원","태백시",남자,179,61,33,1,84,1
"하반기","강원","태백시",여자,127,54,29,-,44,-
"하반기","강원","속초시",합계,988,392,45,3,548,-
"하반기","강원","속초시",남자,547,204,27,3,313,-
"하반기","강원","속초시",여자,441,188,18,-,235,-
"하반기","강원","삼척시",합계,712,310,29,5,368,4
"하반기","강원","삼척시",남자,410,167,18,2,223,3
"하반기","강원","삼척시",여자,302,143,11,3,145,1
"하반기","강원","홍천군",합계,543,279,88,1,175,1
"하반기","강원","홍천군",남자,312,146,58,1,107,1
"하반기","강원","홍천군",여자,231,133,30,-,68,-
"하반기","강원","횡성군",합계,270,120,35,6,109,3
"하반기","강원","횡성군",남자,155,63,20,2,70,3
"하반기","강원","횡성군",여자,115,57,15,4,39,-
"하반기","강원","영월군",합계,231,75,23,5,128,3
"하반기","강원","영월군",남자,124,38,14,4,68,2
"하반기","강원","영월군",여자,107,37,9,1,60,1
"하반기","강원","평창군",합계,260,99,21,2,138,-
"하반기","강원","평창군",남자,153,49,13,2,89,-
"하반기","강원","평창군",여자,107,50,8,-,49,-
"하반기","강원","정선군",합계,253,104,27,2,120,1
"하반기","강원","정선군",남자,152,59,16,2,75,1
"하반기","강원","정선군",여자,101,45,11,-,45,-
"하반기","강원","철원군",합계,192,77,36,1,78,1
"하반기","강원","철원군",남자,113,46,25,1,41,-
"하반기","강원","철원군",여자,79,31,11,-,37,1
"하반기","강원","화천군",합계,147,48,36,-,63,-
"하반기","강원","화천군",남자,84,23,20,-,41,-
"하반기","강원","화천군",여자,63,25,16,-,22,-
"하반기","강원","양구군",합계,158,58,28,2,70,1
"하반기","강원","양구군",남자,95,33,17,2,43,-
"하반기","강원","양구군",여자,63,25,11,-,27,1
"하반기","강원","인제군",합계,224,86,34,2,102,-
"하반기","강원","인제군",남자,134,49,20,2,63,-
"하반기","강원","인제군",여자,90,37,14,-,39,-
"하반기","강원","고성군",합계,267,111,12,3,141,1
"하반기","강원","고성군",남자,148,54,8,2,84,-
"하반기","강원","고성군",여자,119,57,4,1,57,1
"하반기","강원","양양군",합계,285,89,15,2,179,2
"하반기","강원","양양군",남자,175,50,9,2,114,2
"하반기","강원","양양군",여자,110,39,6,-,65,-
"하반기","충북","소계",합계,10677,4951,902,94,4730,35
"하반기","충북","소계",남자,5976,2598,555,64,2759,29
"하반기","충북","소계",여자,4701,2353,347,30,1971,6
"하반기","충북","청주시상당구",합계,1084,521,56,7,500,1
"하반기","충북","청주시상당구",남자,614,263,38,5,308,1
"하반기","충북","청주시상당구",여자,470,258,18,2,192,-
"하반기","충북","청주시서원구",합계,1382,658,89,11,624,2
"하반기","충북","청주시서원구",남자,728,323,54,8,343,2
"하반기","충북","청주시서원구",여자,654,335,35,3,281,-
"하반기","충북","청주시흥덕구",합계,1562,705,161,12,684,4
"하반기","충북","청주시흥덕구",남자,915,394,105,8,408,3
"하반기","충북","청주시흥덕구",여자,647,311,56,4,276,1
"하반기","충북","청주시청원구",합계,1229,621,77,11,520,3
"하반기","충북","청주시청원구",남자,707,325,48,11,323,3
"하반기","충북","청주시청원구",여자,522,296,29,-,197,-
"하반기","충북","충주시",합계,1568,695,156,12,705,8
"하반기","충북","충주시",남자,854,376,87,7,384,6
"하반기","충북","충주시",여자,714,319,69,5,321,2
"하반기","충북","제천시",합계,1149,424,163,8,554,1
"하반기","충북","제천시",남자,590,195,100,3,292,1
"하반기","충북","제천시",여자,559,229,63,5,262,-
"하반기","충북","보은군",합계,194,75,8,1,110,3
"하반기","충북","보은군",남자,115,41,5,1,68,2
"하반기","충북","보은군",여자,79,34,3,-,42,1
"하반기","충북","옥천군",합계,365,116,19,5,225,2
"하반기","충북","옥천군",남자,218,62,15,2,139,1
"하반기","충북","옥천군",여자,147,54,4,3,86,1
"하반기","충북","영동군",합계,352,115,22,1,214,2
"하반기","충북","영동군",남자,202,55,14,1,132,2
"하반기","충북","영동군",여자,150,60,8,-,82,-
"하반기","충북","증평군",합계,219,139,11,1,68,-
"하반기","충북","증평군",남자,129,77,8,-,44,-
"하반기","충북","증평군",여자,90,62,3,1,24,-
"하반기","충북","진천군",합계,517,374,31,9,103,3
"하반기","충북","진천군",남자,300,207,18,8,67,3
"하반기","충북","진천군",여자,217,167,13,1,36,-
"하반기","충북","괴산군",합계,284,148,15,2,119,-
"하반기","충북","괴산군",남자,161,75,8,1,77,-
"하반기","충북","괴산군",여자,123,73,7,1,42,-
"하반기","충북","음성군",합계,561,281,55,9,216,5
"하반기","충북","음성군",남자,323,156,36,5,126,4
"하반기","충북","음성군",여자,238,125,19,4,90,1
"하반기","충북","단양군",합계,211,79,39,5,88,1
"하반기","충북","단양군",남자,120,49,19,4,48,1
"하반기","충북","단양군",여자,91,30,20,1,40,-
"하반기","충남","소계",합계,13119,6148,1507,108,5356,41
"하반기","충남","소계",남자,7225,3179,905,68,3073,23
"하반기","충남","소계",여자,5894,2969,602,40,2283,18
"하반기","충남","천안시동남구",합계,1519,754,161,20,584,4
"하반기","충남","천안시동남구",남자,827,396,90,14,327,3
"하반기","충남","천안시동남구",여자,692,358,71,6,257,1
"하반기","충남","천안시서북구",합계,1962,996,143,23,800,9
"하반기","충남","천안시서북구",남자,1110,530,89,12,479,7
"하반기","충남","천안시서북구",여자,852,466,54,11,321,2
"하반기","충남","공주시",합계,571,272,34,4,261,-
"하반기","충남","공주시",남자,314,135,20,3,156,-
"하반기","충남","공주시",여자,257,137,14,1,105,-
"하반기","충남","보령시",합계,672,442,52,7,171,4
"하반기","충남","보령시",남자,404,252,36,5,111,2
"하반기","충남","보령시",여자,268,190,16,2,60,2
"하반기","충남","아산시",합계,1728,922,143,17,646,3
"하반기","충남","아산시",남자,952,469,86,9,388,1
"하반기","충남","아산시",여자,776,453,57,8,258,2
"하반기","충남","서산시",합계,1307,552,139,7,609,3
"하반기","충남","서산시",남자,711,284,85,5,337,1
"하반기","충남","서산시",여자,596,268,54,2,272,2
"하반기","충남","논산시",합계,820,338,57,7,418,6
"하반기","충남","논산시",남자,463,162,38,6,257,4
"하반기","충남","논산시",여자,357,176,19,1,161,2
"하반기","충남","계룡시",합계,326,158,19,-,149,-
"하반기","충남","계룡시",남자,189,85,13,-,91,-
"하반기","충남","계룡시",여자,137,73,6,-,58,-
"하반기","충남","당진시",합계,1178,433,389,4,352,-
"하반기","충남","당진시",남자,670,213,245,3,209,-
"하반기","충남","당진시",여자,508,220,144,1,143,-
"하반기","충남","금산군",합계,574,172,33,4,365,2
"하반기","충남","금산군",남자,294,91,18,3,182,-
"하반기","충남","금산군",여자,280,81,15,1,183,2
"하반기","충남","부여군",합계,412,186,16,8,202,3
"하반기","충남","부여군",남자,213,91,8,5,109,3
"하반기","충남","부여군",여자,199,95,8,3,93,-
"하반기","충남","서천군",합계,362,160,13,2,187,2
"하반기","충남","서천군",남자,187,80,7,1,99,1
"하반기","충남","서천군",여자,175,80,6,1,88,1
"하반기","충남","청양군",합계,181,81,29,-,71,-
"하반기","충남","청양군",남자,105,46,15,-,44,-
"하반기","충남","청양군",여자,76,35,14,-,27,-
"하반기","충남","홍성군",합계,544,285,95,-,164,1
"하반기","충남","홍성군",남자,280,143,48,-,89,-
"하반기","충남","홍성군",여자,264,142,47,-,75,1
"하반기","충남","예산군",합계,638,234,124,4,276,4
"하반기","충남","예산군",남자,325,116,68,1,140,1
"하반기","충남","예산군",여자,313,118,56,3,136,3
"하반기","충남","태안군",합계,325,163,60,1,101,-
"하반기","충남","태안군",남자,181,86,39,1,55,-
"하반기","충남","태안군",여자,144,77,21,-,46,-
"하반기","전북","소계",합계,14669,6484,1277,88,6820,53
"하반기","전북","소계",남자,8213,3381,788,63,3981,42
"하반기","전북","소계",여자,6456,3103,489,25,2839,11
"하반기","전북","전주시완산구",합계,2900,1160,96,10,1634,12
"하반기","전북","전주시완산구",남자,1516,546,53,6,911,9
"하반기","전북","전주시완산구",여자,1384,614,43,4,723,3
"하반기","전북","전주시덕진구",합계,2438,984,118,8,1328,5
"하반기","전북","전주시덕진구",남자,1362,504,77,8,773,4
"하반기","전북","전주시덕진구",여자,1076,480,41,-,555,1
"하반기","전북","군산시",합계,2109,1142,214,17,736,4
"하반기","전북","군산시",남자,1236,655,122,12,447,3
"하반기","전북","군산시",여자,873,487,92,5,289,1
"하반기","전북","익산시",합계,2153,957,63,11,1122,12
"하반기","전북","익산시",남자,1159,485,43,6,625,10
"하반기","전북","익산시",여자,994,472,20,5,497,2
"하반기","전북","정읍시",합계,858,367,220,8,263,4
"하반기","전북","정읍시",남자,506,195,142,4,165,3
"하반기","전북","정읍시",여자,352,172,78,4,98,1
"하반기","전북","남원시",합계,728,473,43,9,203,2
"하반기","전북","남원시",남자,406,247,27,9,123,2
"하반기","전북","남원시",여자,322,226,16,-,80,-
"하반기","전북","김제시",합계,675,310,31,6,328,6
"하반기","전북","김제시",남자,382,154,20,6,202,5
"하반기","전북","김제시",여자,293,156,11,-,126,1
"하반기","전북","완주군",합계,695,255,45,3,392,3
"하반기","전북","완주군",남자,411,147,25,2,237,2
"하반기","전북","완주군",여자,284,108,20,1,155,1
"하반기","전북","진안군",합계,181,71,13,3,94,1
"하반기","전북","진안군",남자,110,44,9,3,54,1
"하반기","전북","진안군",여자,71,27,4,-,40,-
"하반기","전북","무주군",합계,152,51,16,1,84,-
"하반기","전북","무주군",남자,89,27,13,-,49,-
"하반기","전북","무주군",여자,63,24,3,1,35,-
"하반기","전북","장수군",합계,141,78,5,1,57,1
"하반기","전북","장수군",남자,88,44,4,-,40,-
"하반기","전북","장수군",여자,53,34,1,1,17,1
"하반기","전북","임실군",합계,235,104,10,-,121,2
"하반기","전북","임실군",남자,149,61,7,-,81,2
"하반기","전북","임실군",여자,86,43,3,-,40,-
"하반기","전북","순창군",합계,342,178,34,2,128,1
"하반기","전북","순창군",남자,172,83,21,1,67,1
"하반기","전북","순창군",여자,170,95,13,1,61,-
"하반기","전북","고창군",합계,630,213,246,5,166,-
"하반기","전북","고창군",남자,365,111,151,4,99,-
"하반기","전북","고창군",여자,265,102,95,1,67,-
"하반기","전북","부안군",합계,432,141,123,4,164,-
"하반기","전북","부안군",남자,262,78,74,2,108,-
"하반기","전북","부안군",여자,170,63,49,2,56,-
"하반기","전남","소계",합계,21051,8361,3719,219,8752,70
"하반기","전남","소계",남자,12149,4532,2187,167,5263,55
"하반기","전남","소계",여자,8902,3829,1532,52,3489,15
"하반기","전남","목포시",합계,3550,1012,452,24,2062,4
"하반기","전남","목포시",남자,1860,476,234,16,1134,3
"하반기","전남","목포시",여자,1690,536,218,8,928,1
"하반기","전남","여수시",합계,3801,1615,656,78,1452,23
"하반기","전남","여수시",남자,2263,909,403,58,893,19
"하반기","전남","여수시",여자,1538,706,253,20,559,4
"하반기","전남","순천시",합계,2833,1085,853,21,874,13
"하반기","전남","순천시",남자,1618,581,482,17,538,8
"하반기","전남","순천시",여자,1215,504,371,4,336,5
"하반기","전남","나주시",합계,904,370,68,12,454,3
"하반기","전남","나주시",남자,535,206,41,12,276,2
"하반기","전남","나주시",여자,369,164,27,-,178,1
"하반기","전남","광양시",합계,1278,570,293,6,409,7
"하반기","전남","광양시",남자,733,297,171,5,260,6
"하반기","전남","광양시",여자,545,273,122,1,149,1
"하반기","전남","담양군",합계,355,166,74,5,110,1
"하반기","전남","담양군",남자,226,96,58,4,68,1
"하반기","전남","담양군",여자,129,70,16,1,42,-
"하반기","전남","곡성군",합계,238,97,55,2,84,-
"하반기","전남","곡성군",남자,141,58,35,2,46,-
"하반기","전남","곡성군",여자,97,39,20,-,38,-
"하반기","전남","구례군",합계,220,90,68,1,61,-
"하반기","전남","구례군",남자,130,49,41,1,39,-
"하반기","전남","구례군",여자,90,41,27,-,22,-
"하반기","전남","고흥군",합계,1190,707,248,12,223,4
"하반기","전남","고흥군",남자,664,366,141,10,147,4
"하반기","전남","고흥군",여자,526,341,107,2,76,-
"하반기","전남","보성군",합계,460,220,75,3,162,1
"하반기","전남","보성군",남자,268,130,40,2,96,1
"하반기","전남","보성군",여자,192,90,35,1,66,-
"하반기","전남","화순군",합계,545,287,59,6,193,2
"하반기","전남","화순군",남자,356,187,41,5,123,1
"하반기","전남","화순군",여자,189,100,18,1,70,1
"하반기","전남","장흥군",합계,377,115,49,4,209,-
"하반기","전남","장흥군",남자,218,64,29,4,121,-
"하반기","전남","장흥군",여자,159,51,20,-,88,-
"하반기","전남","강진군",합계,270,150,31,4,85,-
"하반기","전남","강진군",남자,161,76,22,3,60,-
"하반기","전남","강진군",여자,109,74,9,1,25,-
"하반기","전남","해남군",합계,682,227,86,5,364,3
"하반기","전남","해남군",남자,381,114,53,5,209,3
"하반기","전남","해남군",여자,301,113,33,-,155,-
"하반기","전남","영암군",합계,605,221,71,5,308,1
"하반기","전남","영암군",남자,368,130,40,5,193,1
"하반기","전남","영암군",여자,237,91,31,-,115,-
"하반기","전남","무안군",합계,985,292,138,3,552,1
"하반기","전남","무안군",남자,575,145,91,2,337,-
"하반기","전남","무안군",여자,410,147,47,1,215,1
"하반기","전남","함평군",합계,326,145,57,-,124,1
"하반기","전남","함평군",남자,212,96,36,-,80,-
"하반기","전남","함평군",여자,114,49,21,-,44,1
"하반기","전남","영광군",합계,581,259,164,8,150,4
"하반기","전남","영광군",남자,357,145,101,6,105,4
"하반기","전남","영광군",여자,224,114,63,2,45,-
"하반기","전남","장성군",합계,424,230,44,8,142,1
"하반기","전남","장성군",남자,254,137,27,4,86,1
"하반기","전남","장성군",여자,170,93,17,4,56,-
"하반기","전남","완도군",합계,441,202,65,2,172,-
"하반기","전남","완도군",남자,266,115,37,1,113,-
"하반기","전남","완도군",여자,175,87,28,1,59,-
"하반기","전남","진도군",합계,355,129,36,1,189,-
"하반기","전남","진도군",남자,194,65,18,1,110,-
"하반기","전남","진도군",여자,161,64,18,-,79,-
"하반기","전남","신안군",합계,631,172,77,9,373,1
"하반기","전남","신안군",남자,369,90,46,4,229,1
"하반기","전남","신안군",여자,262,82,31,5,144,-
"하반기","경북","소계",합계,24820,9844,2367,204,12405,87
"하반기","경북","소계",남자,13805,5047,1425,137,7196,62
"하반기","경북","소계",여자,11015,4797,942,67,5209,25
"하반기","경북","포항시남구",합계,2346,950,137,18,1241,13
"하반기","경북","포항시남구",남자,1320,501,86,10,723,8
"하반기","경북","포항시남구",여자,1026,449,51,8,518,5
"하반기","경북","포항시북구",합계,2795,1286,187,20,1302,9
"하반기","경북","포항시북구",남자,1538,632,117,15,774,8
"하반기","경북","포항시북구",여자,1257,654,70,5,528,1
"하반기","경북","경주시",합계,2423,1017,199,28,1179,7
"하반기","경북","경주시",남자,1342,529,111,21,681,5
"하반기","경북","경주시",여자,1081,488,88,7,498,2
"하반기","경북","김천시",합계,1296,517,142,7,630,7
"하반기","경북","김천시",남자,681,237,83,5,356,3
"하반기","경북","김천시",여자,615,280,59,2,274,4
"하반기","경북","안동시",합계,1551,523,286,12,730,2
"하반기","경북","안동시",남자,840,253,164,7,416,2
"하반기","경북","안동시",여자,711,270,122,5,314,-
"하반기","경북","구미시",합계,3213,1260,290,17,1646,13
"하반기","경북","구미시",남자,1799,651,185,13,950,11
"하반기","경북","구미시",여자,1414,609,105,4,696,2
"하반기","경북","영주시",합계,851,467,102,7,275,6
"하반기","경북","영주시",남자,483,261,59,5,158,3
"하반기","경북","영주시",여자,368,206,43,2,117,3
"하반기","경북","영천시",합계,1269,337,70,8,854,2
"하반기","경북","영천시",남자,692,173,39,2,478,2
"하반기","경북","영천시",여자,577,164,31,6,376,-
"하반기","경북","상주시",합계,900,497,69,12,322,2
"하반기","경북","상주시",남자,486,261,46,7,172,2
"하반기","경북","상주시",여자,414,236,23,5,150,-
"하반기","경북","문경시",합계,610,192,43,4,371,5
"하반기","경북","문경시",남자,357,102,30,2,223,4
"하반기","경북","문경시",여자,253,90,13,2,148,1
"하반기","경북","경산시",합계,2580,929,346,21,1284,5
"하반기","경북","경산시",남자,1372,453,195,14,710,3
"하반기","경북","경산시",여자,1208,476,151,7,574,2
"하반기","경북","군위군",합계,267,115,17,9,126,-
"하반기","경북","군위군",남자,162,61,10,7,84,-
"하반기","경북","군위군",여자,105,54,7,2,42,-
"하반기","경북","의성군",합계,411,147,35,3,226,2
"하반기","경북","의성군",남자,237,79,19,3,136,1
"하반기","경북","의성군",여자,174,68,16,-,90,1
"하반기","경북","청송군",합계,244,69,38,-,137,-
"하반기","경북","청송군",남자,146,41,22,-,83,-
"하반기","경북","청송군",여자,98,28,16,-,54,-
"하반기","경북","영양군",합계,130,47,22,1,60,-
"하반기","경북","영양군",남자,68,23,13,1,31,-
"하반기","경북","영양군",여자,62,24,9,-,29,-
"하반기","경북","영덕군",합계,454,294,25,7,128,1
"하반기","경북","영덕군",남자,251,158,15,5,73,-
"하반기","경북","영덕군",여자,203,136,10,2,55,1
"하반기","경북","청도군",합계,500,191,53,9,247,3
"하반기","경북","청도군",남자,285,98,30,6,151,2
"하반기","경북","청도군",여자,215,93,23,3,96,1
"하반기","경북","고령군",합계,309,121,27,3,158,1
"하반기","경북","고령군",남자,173,56,13,3,101,1
"하반기","경북","고령군",여자,136,65,14,-,57,-
"하반기","경북","성주군",합계,417,93,25,4,295,1
"하반기","경북","성주군",남자,242,43,14,3,182,1
"하반기","경북","성주군",여자,175,50,11,1,113,-
"하반기","경북","칠곡군",합계,935,368,87,4,476,6
"하반기","경북","칠곡군",남자,546,205,60,2,279,4
"하반기","경북","칠곡군",여자,389,163,27,2,197,2
"하반기","경북","예천군",합계,427,166,73,4,184,1
"하반기","경북","예천군",남자,248,84,49,1,114,1
"하반기","경북","예천군",여자,179,82,24,3,70,-
"하반기","경북","봉화군",합계,221,80,32,2,107,1
"하반기","경북","봉화군",남자,146,54,25,1,66,1
"하반기","경북","봉화군",여자,75,26,7,1,41,-
"하반기","경북","울진군",합계,528,135,51,3,339,-
"하반기","경북","울진군",남자,309,67,36,3,203,-
"하반기","경북","울진군",여자,219,68,15,-,136,-
"하반기","경북","울릉군",합계,143,43,11,1,88,-
"하반기","경북","울릉군",남자,82,25,4,1,52,-
"하반기","경북","울릉군",여자,61,18,7,-,36,-
"하반기","경남","소계",합계,31473,11340,3017,256,16860,136
"하반기","경남","소계",남자,17878,6104,1771,179,9824,100
"하반기","경남","소계",여자,13595,5236,1246,77,7036,36
"하반기","경남","창원시 의창구",합계,2245,806,307,12,1120,2
"하반기","경남","창원시 의창구",남자,1254,433,180,6,635,2
"하반기","경남","창원시 의창구",여자,991,373,127,6,485,-
"하반기","경남","창원시 성산구",합계,1888,827,121,6,934,4
"하반기","경남","창원시 성산구",남자,1096,439,71,5,581,2
"하반기","경남","창원시 성산구",여자,792,388,50,1,353,2
"하반기","경남","창원시 마산합포구",합계,1506,273,75,5,1153,4
"하반기","경남","창원시 마산합포구",남자,837,138,44,5,650,3
"하반기","경남","창원시 마산합포구",여자,669,135,31,-,503,1
"하반기","경남","창원시 마산회원구",합계,1804,419,84,13,1288,7
"하반기","경남","창원시 마산회원구",남자,991,212,49,10,720,6
"하반기","경남","창원시 마산회원구",여자,813,207,35,3,568,1
"하반기","경남","창원시 진해구",합계,1585,466,305,12,802,4
"하반기","경남","창원시 진해구",남자,883,239,170,9,465,4
"하반기","경남","창원시 진해구",여자,702,227,135,3,337,-
"하반기","경남","진주시",합계,3390,1926,212,34,1218,5
"하반기","경남","진주시",남자,1892,1049,128,25,690,4
"하반기","경남","진주시",여자,1498,877,84,9,528,1
"하반기","경남","통영시",합계,1752,427,172,14,1139,10
"하반기","경남","통영시",남자,985,229,101,10,645,6
"하반기","경남","통영시",여자,767,198,71,4,494,4
"하반기","경남","사천시",합계,1255,512,86,16,641,4
"하반기","경남","사천시",남자,726,264,60,11,391,1
"하반기","경남","사천시",여자,529,248,26,5,250,3
"하반기","경남","김해시",합계,4887,1794,640,39,2414,23
"하반기","경남","김해시",남자,2819,998,377,29,1415,17
"하반기","경남","김해시",여자,2068,796,263,10,999,6
"하반기","경남","밀양시",합계,957,275,41,5,636,17
"하반기","경남","밀양시",남자,538,148,24,4,362,11
"하반기","경남","밀양시",여자,419,127,17,1,274,6
"하반기","경남","거제시",합계,2436,883,293,14,1246,13
"하반기","경남","거제시",남자,1452,481,188,9,774,11
"하반기","경남","거제시",여자,984,402,105,5,472,2
"하반기","경남","양산시",합계,3265,1097,233,32,1903,23
"하반기","경남","양산시",남자,1805,578,132,18,1077,17
"하반기","경남","양산시",여자,1460,519,101,14,826,6
"하반기","경남","의령군",합계,215,65,15,3,132,3
"하반기","경남","의령군",남자,138,37,13,2,86,2
"하반기","경남","의령군",여자,77,28,2,1,46,1
"하반기","경남","함안군",합계,695,141,30,3,521,3
"하반기","경남","함안군",남자,381,75,16,2,288,2
"하반기","경남","함안군",여자,314,66,14,1,233,1
"하반기","경남","창녕군",합계,522,169,39,4,310,3
"하반기","경남","창녕군",남자,295,91,27,2,175,3
"하반기","경남","창녕군",여자,227,78,12,2,135,-
"하반기","경남","고성군",합계,613,168,146,12,287,3
"하반기","경남","고성군",남자,342,91,65,7,179,2
"하반기","경남","고성군",여자,271,77,81,5,108,1
"하반기","경남","남해군",합계,608,266,39,13,290,2
"하반기","경남","남해군",남자,335,146,23,11,155,1
"하반기","경남","남해군",여자,273,120,16,2,135,1
"하반기","경남","하동군",합계,463,274,26,5,158,1
"하반기","경남","하동군",남자,282,155,20,3,104,1
"하반기","경남","하동군",여자,181,119,6,2,54,-
"하반기","경남","산청군",합계,335,166,31,4,134,-
"하반기","경남","산청군",남자,208,90,21,4,93,-
"하반기","경남","산청군",여자,127,76,10,-,41,-
"하반기","경남","함양군",합계,276,138,24,1,113,3
"하반기","경남","함양군",남자,168,83,14,1,70,3
"하반기","경남","함양군",여자,108,55,10,-,43,-
"하반기","경남","거창군",합계,474,133,82,5,254,2
"하반기","경남","거창군",남자,269,71,38,3,157,2
"하반기","경남","거창군",여자,205,62,44,2,97,-
"하반기","경남","합천군",합계,302,115,16,4,167,-
"하반기","경남","합천군",남자,182,57,10,3,112,-
"하반기","경남","합천군",여자,120,58,6,1,55,-
"하반기","제주","소계",합계,7196,2315,520,72,4289,18
"하반기","제주","소계",남자,4132,1233,351,45,2503,13
"하반기","제주","소계",여자,3064,1082,169,27,1786,5
"하반기","제주","제주시",합계,5236,1553,422,52,3209,15
"하반기","제주","제주시",남자,3002,823,282,34,1863,12
"하반기","제주","제주시",여자,2234,730,140,18,1346,3
"하반기","제주","서귀포시",합계,1960,762,98,20,1080,3
"하반기","제주","서귀포시",남자,1130,410,69,11,640,1
"하반기","제주","서귀포시",여자,830,352,29,9,440,2
